configuration,question_id,category,question,expected,answer,evidence_hit,raw_evidence_hit,top1_evidence_hit,answer_check_pass,citation_ids_valid,correctness,citation_support,retrieval_seconds,answer_seconds,quota_wait_seconds,index_seconds,index_reused,evidence_reused,chunk_count,device,error
reference,q01,text,Who is eligible for Aurora?,Second-year engineering students.,"Eligible participants are **second‑year engineering students** who apply to the Aurora internship. The program requires applicants to submit a short project proposal and an academic transcript; prior industry employment is not required. The internship is supervised, lasts eight weeks, and includes ten hours of supervised work each week. The program has a capacity of 60 interns, and the 2026 cohort begins on 6 July 2026 with applications closing on 15 June 2026. [Source 1]",True,True,True,True,True,,,0.10373819999995249,1.0313851999999315,,0.7277999999998883,False,False,6,"NVIDIA GeForce RTX 4060 Laptop GPU (CUDA, FP16)",
reference,q02,text,How long does the Aurora internship last?,Eight weeks.,The Aurora internship lasts **eight weeks**. [Source 1],True,True,True,True,True,,,0.01446869999995215,1.0232260999998744,,0.7277999999998883,False,False,6,"NVIDIA GeForce RTX 4060 Laptop GPU (CUDA, FP16)",
reference,q03,text,How many supervised hours are required each week?,Ten hours.,The Aurora internship requires **10 supervised hours each week**. [Source 1],True,True,True,False,True,,,0.016264099999943937,0.36584579999998823,,0.7277999999998883,False,False,6,"NVIDIA GeForce RTX 4060 Laptop GPU (CUDA, FP16)",
reference,q04,text,Who coordinates Aurora?,Maya Haddad.,The Aurora internship is coordinated by **Maya Haddad**【Source 1】.,True,True,True,True,True,,,0.012710599999991246,0.5703659999999218,,0.7277999999998883,False,False,6,"NVIDIA GeForce RTX 4060 Laptop GPU (CUDA, FP16)",
reference,q05,text,When does the 2026 internship begin?,6 July 2026.,The 2026 internship begins on **6 July 2026**【Source 1】.,True,True,True,True,True,,,0.010143500000140193,0.5652497000000949,,0.7277999999998883,False,False,6,"NVIDIA GeForce RTX 4060 Laptop GPU (CUDA, FP16)",
reference,q06,text,When do applications close?,15 June 2026.,Applications close on **15 June 2026**【Source 1】.,True,True,True,True,True,,,0.015190800000027593,0.3980784999998832,,0.7277999999998883,False,False,6,"NVIDIA GeForce RTX 4060 Laptop GPU (CUDA, FP16)",
reference,q07,text,What is the internship capacity?,60 interns.,The internship program has a capacity for **60 interns**【Source 1】.,True,True,True,True,True,,,0.01461949999998069,0.6431566000001112,,0.7277999999998883,False,False,6,"NVIDIA GeForce RTX 4060 Laptop GPU (CUDA, FP16)",
reference,q08,text,How many supervisor meetings must a student attend?,Seven of eight meetings.,"A student must attend **seven of the eight weekly supervisor meetings** to satisfy the attendance requirement for the Aurora internship. This is stated in the program description: “Successful completion requires a final demonstration, a written technical report, and attendance at seven of the eight weekly supervisor meetings”【Source 3】.",True,True,False,True,True,,,0.04431190000013885,9.183834199999865,,0.7277999999998883,False,False,6,"NVIDIA GeForce RTX 4060 Laptop GPU (CUDA, FP16)",
reference,q09,table,How many applicants were there in 2024?,100 applicants.,There were **100 applicants** in 2024. [Source 1],True,True,True,True,True,,,0.050005800000008094,11.198334700000032,,0.7277999999998883,False,False,6,"NVIDIA GeForce RTX 4060 Laptop GPU (CUDA, FP16)",
reference,q10,table,How many interns completed Aurora in 2025?,54 interns.,The 2025 cohort had **54 interns who completed the Aurora internship**. [Source 4],True,True,False,True,True,,,0.05195640000010826,6.924515799999881,,0.7277999999998883,False,False,6,"NVIDIA GeForce RTX 4060 Laptop GPU (CUDA, FP16)",
reference,q11,table,How many support desk visits occurred in March 2025?,144 visits.,The support desk recorded **144 visits in March 2025**【Source 2】.,True,True,False,True,True,,,0.033977300000060495,9.214430900000025,,0.7277999999998883,False,False,6,"NVIDIA GeForce RTX 4060 Laptop GPU (CUDA, FP16)",
reference,q12,table,"Which month had the most support desk visits, and how many?","December, 252 visits.","The month with the most support desk visits was **December**, with **252 visits**【Source 2】.",True,True,False,True,True,,,0.023803499999985434,9.19083139999998,,0.7277999999998883,False,False,6,"NVIDIA GeForce RTX 4060 Laptop GPU (CUDA, FP16)",
reference,q13,calculation,"What was the total enrollment across the 2023, 2024, and 2025 cohorts?",150 students (40 + 50 + 60).,"The total enrollment for the 2023, 2024, and 2025 cohorts was **150** students.  
This is the sum of the enrolled counts in Table 1: 40 (2023) + 50 (2024) + 60 (2025) = 150【commentary to=functions.calculate_table <|constrain|>json<|message|>{""cells"":[{""column"":3,""row"":1},{""column"":3,""row"":2},{""column"":3,""row"":3}],""operation"":""sum"",""source_number"":1}",True,True,True,True,False,,,0.044375799999897936,33.5602108999999,,0.7277999999998883,False,False,6,"NVIDIA GeForce RTX 4060 Laptop GPU (CUDA, FP16)",
reference,q14,calculation,How many more applicants were there in 2025 than in 2023?,40 more applicants (120 - 80).,"The 2025 cohort had 120 applicants, while the 2023 cohort had 80 applicants.  
Thus, there were **40 more applicants in 2025 than in 2023**【Source 1】.",True,True,True,True,True,,,0.02681199999983619,9.512310399999933,,0.7277999999998883,False,False,6,"NVIDIA GeForce RTX 4060 Laptop GPU (CUDA, FP16)",
reference,q15,calculation,What was the percentage increase in enrollment from 2023 to 2025?,50 percent ((60 - 40) / 40 * 100).,"The enrollment rose from 40 interns in 2023 to 60 interns in 2025.  
The percentage increase is  

\[
\frac{60-40}{40}\times100\% = 50\%.
\]

[Source 2]",True,True,False,True,True,,,0.0356763999998293,12.046619799999917,,0.7277999999998883,False,False,6,"NVIDIA GeForce RTX 4060 Laptop GPU (CUDA, FP16)",
reference,q16,calculation,What was the total number of support desk visits in 2025?,"2232 visits, summing all twelve months.","The total number of support desk visits in 2025 was **2,232** visits.  
[Source 2]",True,True,False,True,True,,,0.014573199999858844,16.92945110000005,,0.7277999999998883,False,False,6,"NVIDIA GeForce RTX 4060 Laptop GPU (CUDA, FP16)",
reference,q17,calculation,What was the average monthly number of support desk visits in 2025?,186 visits (2232 / 12).,"The average monthly number of support desk visits in 2025 was **186 visits** per month.  
[Source 2]",True,True,False,True,True,,,0.03263729999980569,19.069459199999983,,0.7277999999998883,False,False,6,"NVIDIA GeForce RTX 4060 Laptop GPU (CUDA, FP16)",
reference,q18,calculation,What percentage of enrolled interns responded to the 2025 survey?,80 percent (48 / 60 * 100).,"The 2025 cohort had 60 enrolled interns, and 48 of them responded to the voluntary survey.  
\[
\frac{48}{60}\times100\% = 80\%
\]  
Thus, **80 % of the enrolled interns responded to the 2025 survey**. [Source 1]",True,True,True,True,True,,,0.03931929999998829,10.484330699999873,,0.7277999999998883,False,False,6,"NVIDIA GeForce RTX 4060 Laptop GPU (CUDA, FP16)",
reference,q19,text,Why might the participant survey suffer from bias?,Voluntary participation and nonresponse may make respondents unrepresentative.,"The participant survey may suffer from bias because it was voluntary and only 48 of the 60 enrolled interns responded. This non‑response could mean that the views of those who chose not to answer differ from those who did, potentially skewing the results toward the experiences of respondents only. The report notes that “Nonresponse bias may affect the findings because students who chose not to respond might have different experiences”【Source 1】.",True,True,True,True,True,,,0.15347289999999703,8.309164699999883,,0.7277999999998883,False,False,6,"NVIDIA GeForce RTX 4060 Laptop GPU (CUDA, FP16)",
reference,q20,text,Do support desk visit counts represent unique students?,No. Repeat visits count separately and non-Aurora students can use the desk.,"No. The support‑desk visit counts are recorded as the number of individual visits, not the number of distinct students. The report explicitly states that “repeated visits by one student are counted separately” and that the counts “measure interactions, not unique visitors”【Source 1】【Source 2】【Source 4】. Therefore the monthly totals cannot be interpreted as a count of unique students.",True,True,True,True,True,,,0.032695099999955346,8.108521800000062,,0.7277999999998883,False,False,6,"NVIDIA GeForce RTX 4060 Laptop GPU (CUDA, FP16)",
reference,q21,follow_up,How long is it?,The Aurora internship lasts eight weeks.,"The Aurora internship lasts **eight weeks**, with **ten hours of supervised work each week**【Source 1】.",True,True,True,True,True,,,0.02109359999985827,8.41462979999983,,0.7277999999998883,False,False,6,"NVIDIA GeForce RTX 4060 Laptop GPU (CUDA, FP16)",
reference,q22,unanswerable,What is the average salary of Aurora graduates?,The report does not provide this information.,I could not find this information in the uploaded documents.,,,,True,False,,,0.03976439999996728,7.344420299999911,,0.7277999999998883,False,False,6,"NVIDIA GeForce RTX 4060 Laptop GPU (CUDA, FP16)",
database_qdrant,q01,text,Who is eligible for Aurora?,Second-year engineering students.,"Eligible participants are **second‑year engineering students** who apply to the Aurora internship. The program requires applicants to submit a short project proposal and an academic transcript; prior industry employment is not required. The internship is supervised, lasts eight weeks, and includes ten hours of supervised work each week. The program has a capacity of 60 interns, and the 2026 cohort begins on 6 July 2026 with applications closing on 15 June 2026. [Source 1]",True,True,True,True,True,,,0.05511139999998704,9.462783400000035,,0.03249110000001565,False,False,6,"NVIDIA GeForce RTX 4060 Laptop GPU (CUDA, FP16)",
database_qdrant,q02,text,How long does the Aurora internship last?,Eight weeks.,The Aurora internship lasts **eight weeks**. [Source 1],True,True,True,True,True,,,0.08216619999984687,12.3329283999999,,0.03249110000001565,False,False,6,"NVIDIA GeForce RTX 4060 Laptop GPU (CUDA, FP16)",
database_qdrant,q03,text,How many supervised hours are required each week?,Ten hours.,The internship requires **10 supervised hours each week**【Source 1】.,True,True,True,False,True,,,0.04897710000000188,1.0389970999999605,,0.03249110000001565,False,False,6,"NVIDIA GeForce RTX 4060 Laptop GPU (CUDA, FP16)",
database_qdrant,q04,text,Who coordinates Aurora?,Maya Haddad.,The Aurora internship is coordinated by **Maya Haddad**【Source 1】.,True,True,True,True,True,,,0.0546902000000955,4.829485999999861,,0.03249110000001565,False,False,6,"NVIDIA GeForce RTX 4060 Laptop GPU (CUDA, FP16)",
database_qdrant,q05,text,When does the 2026 internship begin?,6 July 2026.,The 2026 internship begins on **6 July 2026**【Source 1】.,True,True,True,True,True,,,0.033231899999918824,11.102172699999983,,0.03249110000001565,False,False,6,"NVIDIA GeForce RTX 4060 Laptop GPU (CUDA, FP16)",
database_qdrant,q06,text,When do applications close?,15 June 2026.,Applications close on **15 June 2026**【Source 1】.,True,True,True,True,True,,,0.02648260000000846,2.9543050999998286,,0.03249110000001565,False,False,6,"NVIDIA GeForce RTX 4060 Laptop GPU (CUDA, FP16)",
database_qdrant,q07,text,What is the internship capacity?,60 interns.,The internship program has a capacity for **60 interns**【Source 1】.,True,True,True,True,True,,,0.048189400000183014,11.250223799999958,,0.03249110000001565,False,False,6,"NVIDIA GeForce RTX 4060 Laptop GPU (CUDA, FP16)",
database_qdrant,q08,text,How many supervisor meetings must a student attend?,Seven of eight meetings.,A student must attend **seven of the eight weekly supervisor meetings** to satisfy the attendance requirement for the Aurora internship. This is stated in the program description: “Attendance is recorded by the supervisor after each meeting… Successful completion requires … attendance at seven of the eight weekly supervisor meetings”【Source 3】,True,True,False,True,True,,,0.0183311999999205,0.5470003000000361,,0.03249110000001565,False,False,6,"NVIDIA GeForce RTX 4060 Laptop GPU (CUDA, FP16)",
database_qdrant,q09,table,How many applicants were there in 2024?,100 applicants.,There were **100 applicants** in 2024. [Source 1],True,True,True,True,True,,,0.043474400000150126,10.149392700000135,,0.03249110000001565,False,False,6,"NVIDIA GeForce RTX 4060 Laptop GPU (CUDA, FP16)",
database_qdrant,q10,table,How many interns completed Aurora in 2025?,54 interns.,The 2025 cohort had **54 interns who completed the Aurora internship**【4】.,True,True,False,True,False,,,0.02859390000003259,8.250414100000171,,0.03249110000001565,False,False,6,"NVIDIA GeForce RTX 4060 Laptop GPU (CUDA, FP16)",
database_qdrant,q11,table,How many support desk visits occurred in March 2025?,144 visits.,The support desk recorded **144 visits in March 2025**【Source 2】.,True,True,False,True,True,,,0.037970299999869894,9.780424799999992,,0.03249110000001565,False,False,6,"NVIDIA GeForce RTX 4060 Laptop GPU (CUDA, FP16)",
database_qdrant,q12,table,"Which month had the most support desk visits, and how many?","December, 252 visits.","The month with the most support desk visits was **December**, with **252 visits**【Source 2】.",True,True,False,True,True,,,0.031204099999968093,8.132652199999939,,0.03249110000001565,False,False,6,"NVIDIA GeForce RTX 4060 Laptop GPU (CUDA, FP16)",
database_qdrant,q13,calculation,"What was the total enrollment across the 2023, 2024, and 2025 cohorts?",150 students (40 + 50 + 60).,"The total enrollment for the 2023, 2024, and 2025 cohorts was **150** students.  
This is the sum of the enrolled counts in Table 1: 40 (2023) + 50 (2024) + 60 (2025) = 150【commentary to=functions.calculate_table <|constrain|>1】.",True,True,True,True,False,,,0.033183799999960684,32.90655539999989,,0.03249110000001565,False,False,6,"NVIDIA GeForce RTX 4060 Laptop GPU (CUDA, FP16)",
database_qdrant,q14,calculation,How many more applicants were there in 2025 than in 2023?,40 more applicants (120 - 80).,"The 2025 cohort had 120 applicants, while the 2023 cohort had 80 applicants.  
Thus, there were **40 more applicants in 2025 than in 2023**【Source 1】.",True,True,True,True,True,,,0.027884999999969295,9.40797530000009,,0.03249110000001565,False,False,6,"NVIDIA GeForce RTX 4060 Laptop GPU (CUDA, FP16)",
database_qdrant,q15,calculation,What was the percentage increase in enrollment from 2023 to 2025?,50 percent ((60 - 40) / 40 * 100).,"The enrollment rose from 40 interns in 2023 to 60 interns in 2025.  
The percentage increase is  

\[
\frac{60-40}{40}\times100\% = 50\%.
\]

[Source 2]",True,True,False,True,True,,,0.011390399999982037,6.145876099999896,,0.03249110000001565,False,False,6,"NVIDIA GeForce RTX 4060 Laptop GPU (CUDA, FP16)",
database_qdrant,q16,calculation,What was the total number of support desk visits in 2025?,"2232 visits, summing all twelve months.","The total number of support desk visits in 2025 was **2,232** visits【commentary 1】【commentary 2】.",True,True,False,True,False,,,0.009398499999861087,18.476806099999976,,0.03249110000001565,False,False,6,"NVIDIA GeForce RTX 4060 Laptop GPU (CUDA, FP16)",
database_qdrant,q17,calculation,What was the average monthly number of support desk visits in 2025?,186 visits (2232 / 12).,"The average monthly number of support desk visits in 2025 was **186 visits** per month.  
[Source 2]",True,True,False,True,True,,,0.029154400000152236,17.22409310000012,,0.03249110000001565,False,False,6,"NVIDIA GeForce RTX 4060 Laptop GPU (CUDA, FP16)",
database_qdrant,q18,calculation,What percentage of enrolled interns responded to the 2025 survey?,80 percent (48 / 60 * 100).,"The 2025 cohort had 60 enrolled interns, and 48 of them responded to the voluntary survey.  
\[
\frac{48}{60}\times100\% = 80\%
\]  
Thus, **80 % of the enrolled interns responded to the 2025 survey**. [Source 1]",True,True,True,True,True,,,0.029703900000185968,1.22985830000016,,0.03249110000001565,False,False,6,"NVIDIA GeForce RTX 4060 Laptop GPU (CUDA, FP16)",
database_qdrant,q19,text,Why might the participant survey suffer from bias?,Voluntary participation and nonresponse may make respondents unrepresentative.,"The participant survey may suffer from bias because it was voluntary and only 48 of the 60 enrolled interns responded. This non‑response could mean that the views of those who chose not to answer differ from those who did, potentially skewing the results toward the experiences of respondents only. The report notes that “Nonresponse bias may affect the findings because students who chose not to respond might have different experiences”【Source 1】.",True,True,True,True,True,,,0.03590940000003684,10.764779500000259,,0.03249110000001565,False,False,6,"NVIDIA GeForce RTX 4060 Laptop GPU (CUDA, FP16)",
database_qdrant,q20,text,Do support desk visit counts represent unique students?,No. Repeat visits count separately and non-Aurora students can use the desk.,"No. The support‑desk visit counts are **not** a count of unique students. They are a count of individual visits, and the same student may be counted multiple times if they visit more than once. This is explicitly stated in the report:

- “The support desk visits therefore cannot be used as a count of enrolled interns. The desk is open to students outside Aurora, which explains why its monthly counts exceed the internship's capacity.”【Source 1】  
- “Counting rule: repeated visits by one student are counted separately.”【Source 2】

Thus the visit numbers reflect total interactions, not distinct individuals.",True,True,True,True,True,,,0.03064810000023499,3.8451216000003114,,0.03249110000001565,False,False,6,"NVIDIA GeForce RTX 4060 Laptop GPU (CUDA, FP16)",
database_qdrant,q21,follow_up,How long is it?,The Aurora internship lasts eight weeks.,"The Aurora internship lasts **eight weeks**, with **ten hours of supervised work each week**【Source 1】.",True,True,True,True,True,,,0.055257199999687145,9.878467399999863,,0.03249110000001565,False,False,6,"NVIDIA GeForce RTX 4060 Laptop GPU (CUDA, FP16)",
database_qdrant,q22,unanswerable,What is the average salary of Aurora graduates?,The report does not provide this information.,I could not find this information in the uploaded documents.,,,,True,False,,,0.07235830000036003,2.673971100000017,,0.03249110000001565,False,False,6,"NVIDIA GeForce RTX 4060 Laptop GPU (CUDA, FP16)",
database_lancedb,q01,text,Who is eligible for Aurora?,Second-year engineering students.,"Eligible participants for the Aurora internship are **second‑year engineering students** who meet the program’s selection criteria. The program requires applicants to submit a short project proposal and an academic transcript; selection is based on the clarity of the proposed problem and the applicant’s readiness to work with a supervisor. Prior industry employment is not required, and students do not need to find their own host organization because the program office handles placements. The internship has a capacity of 60 interns and lasts eight weeks with ten hours of supervised work each week. [Source 1]",True,True,True,True,True,,,0.11676790000001347,8.698822300000302,,0.03262250000034328,False,False,6,"NVIDIA GeForce RTX 4060 Laptop GPU (CUDA, FP16)",
database_lancedb,q02,text,How long does the Aurora internship last?,Eight weeks.,The Aurora internship lasts **eight weeks**. [Source 1],True,True,True,True,True,,,0.03374800000028699,9.073757699999987,,0.03262250000034328,False,False,6,"NVIDIA GeForce RTX 4060 Laptop GPU (CUDA, FP16)",
database_lancedb,q03,text,How many supervised hours are required each week?,Ten hours.,The internship requires **10 supervised hours each week**【Source 1】.,True,True,True,False,True,,,0.0630751000003329,11.20720940000001,,0.03262250000034328,False,False,6,"NVIDIA GeForce RTX 4060 Laptop GPU (CUDA, FP16)",
database_lancedb,q04,text,Who coordinates Aurora?,Maya Haddad.,The Aurora internship is coordinated by **Maya Haddad**【Source 1】.,True,True,True,True,True,,,0.043646500000249944,4.898817600000257,,0.03262250000034328,False,False,6,"NVIDIA GeForce RTX 4060 Laptop GPU (CUDA, FP16)",
database_lancedb,q05,text,When does the 2026 internship begin?,6 July 2026.,The 2026 internship begins on **6 July 2026**【Source 1】.,True,True,True,True,True,,,0.05118490000040765,10.760526199999731,,0.03262250000034328,False,False,6,"NVIDIA GeForce RTX 4060 Laptop GPU (CUDA, FP16)",
database_lancedb,q06,text,When do applications close?,15 June 2026.,Applications close on **15 June 2026**【Source 1】.,True,True,True,True,True,,,0.060490200000003824,3.715911799999958,,0.03262250000034328,False,False,6,"NVIDIA GeForce RTX 4060 Laptop GPU (CUDA, FP16)",
database_lancedb,q07,text,What is the internship capacity?,60 interns.,The internship program has a capacity for **60 interns**【Source 1】.,True,True,True,True,True,,,0.04227919999993901,3.8091239999998834,,0.03262250000034328,False,False,6,"NVIDIA GeForce RTX 4060 Laptop GPU (CUDA, FP16)",
database_lancedb,q08,text,How many supervisor meetings must a student attend?,Seven of eight meetings.,"A student must attend **seven of the eight weekly supervisor meetings** to satisfy the attendance requirement for the Aurora internship. This is stated in the program description: “Successful completion requires a final demonstration, a written technical report, and attendance at seven of the eight weekly supervisor meetings”【Source 3】.",True,True,False,True,True,,,0.04786650000005466,9.904326899999887,,0.03262250000034328,False,False,6,"NVIDIA GeForce RTX 4060 Laptop GPU (CUDA, FP16)",
database_lancedb,q09,table,How many applicants were there in 2024?,100 applicants.,There were **100 applicants** in 2024. [Source 1],True,True,True,True,True,,,0.054181299999982,10.175267099999928,,0.03262250000034328,False,False,6,"NVIDIA GeForce RTX 4060 Laptop GPU (CUDA, FP16)",
database_lancedb,q10,table,How many interns completed Aurora in 2025?,54 interns.,The 2025 cohort had **54 interns who completed the Aurora internship**【4】.,True,True,False,True,False,,,0.02756359999966662,10.04832320000014,,0.03262250000034328,False,False,6,"NVIDIA GeForce RTX 4060 Laptop GPU (CUDA, FP16)",
database_lancedb,q11,table,How many support desk visits occurred in March 2025?,144 visits.,The support desk recorded **144 visits in March 2025**【Source 2】.,True,True,False,True,True,,,0.024624900000162597,0.5499611999998706,,0.03262250000034328,False,False,6,"NVIDIA GeForce RTX 4060 Laptop GPU (CUDA, FP16)",
database_lancedb,q12,table,"Which month had the most support desk visits, and how many?","December, 252 visits.","The month with the most support desk visits was **December**, with **252 visits**【Source 2】.",True,True,False,True,True,,,0.021419000000150845,8.006969600000048,,0.03262250000034328,False,False,6,"NVIDIA GeForce RTX 4060 Laptop GPU (CUDA, FP16)",
database_lancedb,q13,calculation,"What was the total enrollment across the 2023, 2024, and 2025 cohorts?",150 students (40 + 50 + 60).,"The total enrollment for the 2023, 2024, and 2025 cohorts was **150** students.  
This is the sum of the enrolled counts in Table 1 of Source 1: 40 (2023) + 50 (2024) + 60 (2025) = 150. [Source 1]",True,True,True,True,True,,,0.04412400000001071,32.088382000000365,,0.03262250000034328,False,False,6,"NVIDIA GeForce RTX 4060 Laptop GPU (CUDA, FP16)",
database_lancedb,q14,calculation,How many more applicants were there in 2025 than in 2023?,40 more applicants (120 - 80).,"The 2025 cohort had 120 applicants, while the 2023 cohort had 80 applicants.  
Thus, there were **40 more applicants in 2025 than in 2023**【Source 1】.",True,True,True,True,True,,,0.03702930000008564,9.047777100000076,,0.03262250000034328,False,False,6,"NVIDIA GeForce RTX 4060 Laptop GPU (CUDA, FP16)",
database_lancedb,q15,calculation,What was the percentage increase in enrollment from 2023 to 2025?,50 percent ((60 - 40) / 40 * 100).,"The enrollment increased from 40 interns in 2023 to 60 interns in 2025.  
The percentage increase is calculated as  

\[
\frac{60-40}{40}\times100\% = \frac{20}{40}\times100\% = 50\%
\]

Thus, enrollment rose by **50 %** from 2023 to 2025. [Source 2]",True,True,False,True,True,,,0.042571399999815185,7.305852700000287,,0.03262250000034328,False,False,6,"NVIDIA GeForce RTX 4060 Laptop GPU (CUDA, FP16)",
database_lancedb,q16,calculation,What was the total number of support desk visits in 2025?,"2232 visits, summing all twelve months.","The total number of support desk visits in 2025 was **2,232** visits.  
[Source 2]",True,True,False,True,True,,,0.033765300000140996,13.124347500000113,,0.03262250000034328,False,False,6,"NVIDIA GeForce RTX 4060 Laptop GPU (CUDA, FP16)",
database_lancedb,q17,calculation,What was the average monthly number of support desk visits in 2025?,186 visits (2232 / 12).,"The average monthly number of support desk visits in 2025 was **186 visits** per month.  
[Source 2]",True,True,False,True,True,,,0.035155500000200846,2.4585141999996267,,0.03262250000034328,False,False,6,"NVIDIA GeForce RTX 4060 Laptop GPU (CUDA, FP16)",
database_lancedb,q18,calculation,What percentage of enrolled interns responded to the 2025 survey?,80 percent (48 / 60 * 100).,"The 2025 cohort had 60 enrolled interns, and 48 of them responded to the voluntary survey.  
\[
\frac{48}{60}\times100\% = 80\%
\]  
Thus, **80 % of the enrolled interns responded to the 2025 survey**. [Source 1]",True,True,True,True,True,,,0.0626284999998461,9.992450100000042,,0.03262250000034328,False,False,6,"NVIDIA GeForce RTX 4060 Laptop GPU (CUDA, FP16)",
database_lancedb,q19,text,Why might the participant survey suffer from bias?,Voluntary participation and nonresponse may make respondents unrepresentative.,"The participant survey may suffer from bias because it was voluntary and only 48 of the 60 enrolled interns responded. This non‑response could mean that the views of those who chose not to answer differ from those who did, potentially skewing the results toward the experiences of respondents only. The report notes that “Nonresponse bias may affect the findings because students who chose not to respond might have different experiences”【Source 1】.",True,True,True,True,True,,,0.08149109999976645,8.133732899999814,,0.03262250000034328,False,False,6,"NVIDIA GeForce RTX 4060 Laptop GPU (CUDA, FP16)",
database_lancedb,q20,text,Do support desk visit counts represent unique students?,No. Repeat visits count separately and non-Aurora students can use the desk.,"No. The support‑desk visit counts are recorded as the number of individual visits, not the number of distinct students. Repeated visits by the same student are counted separately, so the totals cannot be interpreted as a count of unique students.  

- Source 1 states that “the same person can visit several times” and that “support desk visits therefore cannot be used as a count of enrolled interns.”  
- Source 2 and Source 4 describe the counting rule: “repeated visits by one student are counted separately.”  

Thus the visit counts do not represent unique students.",True,True,True,True,False,,,0.027132499999879656,0.7393950000000586,,0.03262250000034328,False,False,6,"NVIDIA GeForce RTX 4060 Laptop GPU (CUDA, FP16)",
database_lancedb,q21,follow_up,How long is it?,The Aurora internship lasts eight weeks.,"The Aurora internship lasts **eight weeks**, with **ten hours of supervised work each week**【Source 1】.",True,True,True,True,True,,,0.02494939999996859,10.05877529999998,,0.03262250000034328,False,False,6,"NVIDIA GeForce RTX 4060 Laptop GPU (CUDA, FP16)",
database_lancedb,q22,unanswerable,What is the average salary of Aurora graduates?,The report does not provide this information.,I could not find this information in the uploaded documents.,,,,True,False,,,0.055507399999896734,2.753219100000024,,0.03262250000034328,False,False,6,"NVIDIA GeForce RTX 4060 Laptop GPU (CUDA, FP16)",
chunks_128,q01,text,Who is eligible for Aurora?,Second-year engineering students.,"Eligible participants for the Aurora internship are **second‑year engineering students** who submit a short project proposal and an academic transcript.  The selection process considers the clarity of the proposed problem and the applicant’s readiness to work with a supervisor; prior industry employment is not required.  Students are assigned to small project teams after acceptance, and each team meets a supervisor weekly.  The program office handles placements; students do not need to find their own host organization. [Source 1] [Source 5]",True,True,True,True,True,,,0.014822199999798613,0.6027656999999635,,0.17883840000013151,False,False,8,"NVIDIA GeForce RTX 4060 Laptop GPU (CUDA, FP16)",
chunks_128,q02,text,How long does the Aurora internship last?,Eight weeks.,The Aurora internship lasts **eight weeks**【Source 1】.,True,True,True,True,True,,,0.010235600000214617,8.990827899999658,,0.17883840000013151,False,False,8,"NVIDIA GeForce RTX 4060 Laptop GPU (CUDA, FP16)",
chunks_128,q03,text,How many supervised hours are required each week?,Ten hours.,The Aurora internship requires **ten hours of supervised work each week**【Source 2】.,True,True,False,True,True,,,0.0889723000000231,4.649774099999831,,0.17883840000013151,False,False,8,"NVIDIA GeForce RTX 4060 Laptop GPU (CUDA, FP16)",
chunks_128,q04,text,Who coordinates Aurora?,Maya Haddad.,The Aurora internship program is coordinated by **Maya Haddad**【Source 1】.,True,True,True,True,True,,,0.04973160000008647,7.717466800000238,,0.17883840000013151,False,False,8,"NVIDIA GeForce RTX 4060 Laptop GPU (CUDA, FP16)",
chunks_128,q05,text,When does the 2026 internship begin?,6 July 2026.,The 2026 internship begins on **6 July 2026**【Source 1】.,True,True,True,True,True,,,0.053343799999765906,8.036052299999938,,0.17883840000013151,False,False,8,"NVIDIA GeForce RTX 4060 Laptop GPU (CUDA, FP16)",
chunks_128,q06,text,When do applications close?,15 June 2026.,Applications close on **15 June 2026**【Source 2】【Source 4】,True,True,False,True,True,,,0.08100880000029065,7.231094100000064,,0.17883840000013151,False,False,8,"NVIDIA GeForce RTX 4060 Laptop GPU (CUDA, FP16)",
chunks_128,q07,text,What is the internship capacity?,60 interns.,The internship program has a capacity for **60 interns**【Source 1】【Source 2】.,True,True,True,True,True,,,0.03125300000010611,2.8851267000000007,,0.17883840000013151,False,False,8,"NVIDIA GeForce RTX 4060 Laptop GPU (CUDA, FP16)",
chunks_128,q08,text,How many supervisor meetings must a student attend?,Seven of eight meetings.,"A student must attend **seven of the eight weekly supervisor meetings** to satisfy the attendance requirement for the internship.  
[Source 1]",True,True,True,True,True,,,0.019044099999973696,6.002815499999997,,0.17883840000013151,False,False,8,"NVIDIA GeForce RTX 4060 Laptop GPU (CUDA, FP16)",
chunks_128,q09,table,How many applicants were there in 2024?,100 applicants.,There were **100 applicants** in 2024. [Source 1],True,True,True,True,True,,,0.04813470000044617,10.507682099999784,,0.17883840000013151,False,False,8,"NVIDIA GeForce RTX 4060 Laptop GPU (CUDA, FP16)",
chunks_128,q10,table,How many interns completed Aurora in 2025?,54 interns.,"In 2025, **54 interns completed the Aurora internship**【4】.",True,True,False,True,False,,,0.04172410000001037,5.809439900000143,,0.17883840000013151,False,False,8,"NVIDIA GeForce RTX 4060 Laptop GPU (CUDA, FP16)",
chunks_128,q11,table,How many support desk visits occurred in March 2025?,144 visits.,The report lists 144 support desk visits in March 2025【Source 2】.,True,True,False,True,True,,,0.05703399999993053,5.945885199999793,,0.17883840000013151,False,False,8,"NVIDIA GeForce RTX 4060 Laptop GPU (CUDA, FP16)",
chunks_128,q12,table,"Which month had the most support desk visits, and how many?","December, 252 visits.","The month with the most support desk visits was **December**, with **252 visits**【2】.",True,True,False,True,False,,,0.02029259999972055,16.74497599999995,,0.17883840000013151,False,False,8,"NVIDIA GeForce RTX 4060 Laptop GPU (CUDA, FP16)",
chunks_128,q13,calculation,"What was the total enrollment across the 2023, 2024, and 2025 cohorts?",150 students (40 + 50 + 60).,"The total enrollment for the 2023, 2024, and 2025 cohorts is 150 students.  
This is calculated by summing the enrolled counts from Table 1 in Source 1: 40 (2023) + 50 (2024) + 60 (2025) = 150. [Source 1]",True,True,True,True,True,,,0.011534799999935785,26.203144800000246,,0.17883840000013151,False,False,8,"NVIDIA GeForce RTX 4060 Laptop GPU (CUDA, FP16)",
chunks_128,q14,calculation,How many more applicants were there in 2025 than in 2023?,40 more applicants (120 - 80).,"The 2025 cohort had 120 applicants, while the 2023 cohort had 80 applicants.  
The difference is 120 – 80 = **40 more applicants** in 2025 than in 2023.  

[Source 1]",True,True,True,True,True,,,0.03406630000017685,0.6464868000002753,,0.17883840000013151,False,False,8,"NVIDIA GeForce RTX 4060 Laptop GPU (CUDA, FP16)",
chunks_128,q15,calculation,What was the percentage increase in enrollment from 2023 to 2025?,50 percent ((60 - 40) / 40 * 100).,"The enrollment increased from 40 students in 2023 to 60 students in 2025, an increase of 20 students.  
The percentage increase is calculated as:

\[
\frac{60-40}{40}\times100\% = \frac{20}{40}\times100\% = 50\%
\]

Thus, enrollment rose by **50 %** from 2023 to 2025. [Source 1]",True,True,True,True,True,,,0.04284250000000611,4.522878000000219,,0.17883840000013151,False,False,8,"NVIDIA GeForce RTX 4060 Laptop GPU (CUDA, FP16)",
chunks_128,q16,calculation,What was the total number of support desk visits in 2025?,"2232 visits, summing all twelve months.","The total number of support desk visits in 2025 was **2,232** visits【commentary to=functions.calculate_table】.",True,True,False,True,False,,,0.025167599999804224,17.5128222000003,,0.17883840000013151,False,False,8,"NVIDIA GeForce RTX 4060 Laptop GPU (CUDA, FP16)",
chunks_128,q17,calculation,What was the average monthly number of support desk visits in 2025?,186 visits (2232 / 12).,"The average monthly number of support desk visits in 2025 was **186 visits** per month.  
[Source 2]",True,True,False,True,True,,,0.03552140000010695,11.52369230000022,,0.17883840000013151,False,False,8,"NVIDIA GeForce RTX 4060 Laptop GPU (CUDA, FP16)",
chunks_128,q18,calculation,What percentage of enrolled interns responded to the 2025 survey?,80 percent (48 / 60 * 100).,"The 2025 cohort had 60 enrolled interns, and 48 of them responded to the voluntary survey.  
\[
\frac{48}{60}\times100\% = 80\%
\]

Thus **80 %** of the enrolled interns responded to the 2025 survey.  

[Source 2] (participation outcomes, 2025 cohort survey response)  
[Source 4] (Table 1, 2025 cohort enrollment)",True,True,False,True,True,,,0.02224179999984699,4.750628399999641,,0.17883840000013151,False,False,8,"NVIDIA GeForce RTX 4060 Laptop GPU (CUDA, FP16)",
chunks_128,q19,text,Why might the participant survey suffer from bias?,Voluntary participation and nonresponse may make respondents unrepresentative.,"The participant survey may suffer from bias for several reasons:

1. **Voluntary response bias** – The survey was voluntary, so only those who chose to respond were included. Those who had particularly positive or negative experiences might be more motivated to complete the survey, while neutral or dissatisfied participants may have opted out. This can skew the results toward the views of the respondents rather than the entire cohort.  
   *[Source 1]*

2. **Non‑response bias** – The report notes that the survey was anonymous and that the program did not link responses to assessment scores. Because the survey was not mandatory, the 48 respondents out of 60 enrolled interns (80 % response rate) may not be representative of all interns. Students who did not respond could have different experiences, potentially leading to an over‑ or under‑estimation of the internship’s usefulness.  
   *[Source 2]*

3. **Limited demographic and outcome data** – The survey does not report post‑graduation salaries, employment outcomes, or student ages, which limits the ability to assess whether respondents who liked the internship obtained higher marks or better career outcomes. The absence of these data points can introduce bias if the survey results are interpreted without considering these missing variables.  
   *[Source 1]*

Because of these factors, the survey findings may not accurately reflect the overall experience of all participants.",True,True,True,True,True,,,0.02311119999967559,8.148143799999616,,0.17883840000013151,False,False,8,"NVIDIA GeForce RTX 4060 Laptop GPU (CUDA, FP16)",
chunks_128,q20,text,Do support desk visit counts represent unique students?,No. Repeat visits count separately and non-Aurora students can use the desk.,"No. The support‑desk visit counts are **not** a measure of unique students. They count every individual visit, so the same student can be counted multiple times if they visit more than once. This is explicitly stated in the report: “The support desk visits therefore cannot be used as a count of enrolled interns. The desk is open to students outside Aurora, which explains why its monthly counts exceed the internship's capacity.” [Source 1]",True,True,True,True,True,,,0.029742199999873264,11.979085099999793,,0.17883840000013151,False,False,8,"NVIDIA GeForce RTX 4060 Laptop GPU (CUDA, FP16)",
chunks_128,q21,follow_up,How long is it?,The Aurora internship lasts eight weeks.,The Aurora internship lasts **eight weeks**【Source 1】.,True,True,True,True,True,,,0.03463540000029752,5.124770500000068,,0.17883840000013151,False,False,8,"NVIDIA GeForce RTX 4060 Laptop GPU (CUDA, FP16)",
chunks_128,q22,unanswerable,What is the average salary of Aurora graduates?,The report does not provide this information.,I could not find this information in the uploaded documents.,,,,True,False,,,0.02939940000032948,8.173420999999962,,0.17883840000013151,False,False,8,"NVIDIA GeForce RTX 4060 Laptop GPU (CUDA, FP16)",
chunks_480,q01,text,Who is eligible for Aurora?,Second-year engineering students.,"Eligible participants for the Aurora internship are **second‑year engineering students** who meet the following criteria:

* They are enrolled in a second year of an engineering degree program.  
* They submit a short project proposal and an academic transcript.  
* They are ready to work with a supervisor; prior industry employment is not required.  
* They apply before the application deadline (15 June 2026 for the 2026 cohort).  

These eligibility requirements are described in the program and eligibility section of the report. [Source 1]",True,True,True,True,True,,,0.0400417999999263,8.083759299999656,,0.1660820000001877,False,False,5,"NVIDIA GeForce RTX 4060 Laptop GPU (CUDA, FP16)",
chunks_480,q02,text,How long does the Aurora internship last?,Eight weeks.,The Aurora internship lasts **eight weeks**. [Source 1],True,True,True,True,True,,,0.02333520000001954,7.062903799999731,,0.1660820000001877,False,False,5,"NVIDIA GeForce RTX 4060 Laptop GPU (CUDA, FP16)",
chunks_480,q03,text,How many supervised hours are required each week?,Ten hours.,The internship requires **ten supervised hours each week**【Source 1】.,True,True,True,False,True,,,0.029924799999662355,10.651063900000281,,0.1660820000001877,False,False,5,"NVIDIA GeForce RTX 4060 Laptop GPU (CUDA, FP16)",
chunks_480,q04,text,Who coordinates Aurora?,Maya Haddad.,The Aurora internship program is coordinated by **Maya Haddad**【Source 1】.,True,True,True,True,True,,,0.040528400000312104,7.4126704000000245,,0.1660820000001877,False,False,5,"NVIDIA GeForce RTX 4060 Laptop GPU (CUDA, FP16)",
chunks_480,q05,text,When does the 2026 internship begin?,6 July 2026.,The 2026 internship begins on **6 July 2026**【Source 1】.,True,True,True,True,True,,,0.03138439999975162,9.572316199999932,,0.1660820000001877,False,False,5,"NVIDIA GeForce RTX 4060 Laptop GPU (CUDA, FP16)",
chunks_480,q06,text,When do applications close?,15 June 2026.,Applications close on **15 June 2026**【Source 2】.,True,True,False,True,True,,,0.042505700000219804,8.941661000000295,,0.1660820000001877,False,False,5,"NVIDIA GeForce RTX 4060 Laptop GPU (CUDA, FP16)",
chunks_480,q07,text,What is the internship capacity?,60 interns.,The internship program has a capacity for **60 interns**【Source 1】.,True,True,True,True,True,,,0.04884889999993902,8.764828399999715,,0.1660820000001877,False,False,5,"NVIDIA GeForce RTX 4060 Laptop GPU (CUDA, FP16)",
chunks_480,q08,text,How many supervisor meetings must a student attend?,Seven of eight meetings.,"A student must attend **seven of the eight weekly supervisor meetings** to satisfy the program’s attendance requirement.  
[Source 2]",True,True,False,True,True,,,0.03313909999997122,10.183202100000017,,0.1660820000001877,False,False,5,"NVIDIA GeForce RTX 4060 Laptop GPU (CUDA, FP16)",
chunks_480,q09,table,How many applicants were there in 2024?,100 applicants.,There were **100 applicants** in 2024. [Source 1],True,True,True,True,True,,,0.019619700000021112,8.314801700000316,,0.1660820000001877,False,False,5,"NVIDIA GeForce RTX 4060 Laptop GPU (CUDA, FP16)",
chunks_480,q10,table,How many interns completed Aurora in 2025?,54 interns.,The 2025 cohort had **54 interns who completed** the Aurora internship. [Source 3],True,True,False,True,True,,,0.0424577999997382,8.503359600000294,,0.1660820000001877,False,False,5,"NVIDIA GeForce RTX 4060 Laptop GPU (CUDA, FP16)",
chunks_480,q11,table,How many support desk visits occurred in March 2025?,144 visits.,The support desk recorded **144 visits in March 2025**【Source 2】.,True,True,False,True,True,,,0.050127900000006775,7.896793800000069,,0.1660820000001877,False,False,5,"NVIDIA GeForce RTX 4060 Laptop GPU (CUDA, FP16)",
chunks_480,q12,table,"Which month had the most support desk visits, and how many?","December, 252 visits.","The month with the most support desk visits was **December**, with **252 visits**【Source 2】.",True,True,False,True,True,,,0.024091900000257738,9.679529500000172,,0.1660820000001877,False,False,5,"NVIDIA GeForce RTX 4060 Laptop GPU (CUDA, FP16)",
chunks_480,q13,calculation,"What was the total enrollment across the 2023, 2024, and 2025 cohorts?",150 students (40 + 50 + 60).,"The total enrollment across the 2023, 2024, and 2025 cohorts was **150** students (40 + 50 + 60)【Source 1】.",True,True,True,True,True,,,0.03188509999972666,9.889400199999727,,0.1660820000001877,False,False,5,"NVIDIA GeForce RTX 4060 Laptop GPU (CUDA, FP16)",
chunks_480,q14,calculation,How many more applicants were there in 2025 than in 2023?,40 more applicants (120 - 80).,"The number of applicants in 2025 was 120, compared with 80 applicants in 2023.  
The difference is:

120 – 80 = **40** more applicants in 2025 than in 2023.  

[Source 1]",True,True,True,True,True,,,0.02073880000034478,10.868123599999763,,0.1660820000001877,False,False,5,"NVIDIA GeForce RTX 4060 Laptop GPU (CUDA, FP16)",
chunks_480,q15,calculation,What was the percentage increase in enrollment from 2023 to 2025?,50 percent ((60 - 40) / 40 * 100).,"The enrollment rose from 40 interns in 2023 to 60 interns in 2025.  
The percentage increase is  

\[
\frac{60-40}{40}\times100\% = 50\%.
\]

[Source 2]",True,True,False,True,True,,,0.02064539999992121,10.448741000000155,,0.1660820000001877,False,False,5,"NVIDIA GeForce RTX 4060 Laptop GPU (CUDA, FP16)",
chunks_480,q16,calculation,What was the total number of support desk visits in 2025?,"2232 visits, summing all twelve months.","The total number of support desk visits recorded for 2025 is **2,232 visits**【commentary to=functions.calculate_table】.",True,True,False,True,False,,,0.02834260000008726,21.941538700000365,,0.1660820000001877,False,False,5,"NVIDIA GeForce RTX 4060 Laptop GPU (CUDA, FP16)",
chunks_480,q17,calculation,What was the average monthly number of support desk visits in 2025?,186 visits (2232 / 12).,"The average monthly number of support desk visits in 2025 was **186 visits** per month.  
[Source 2]",True,True,False,True,True,,,0.026140200000099867,19.08409019999999,,0.1660820000001877,False,False,5,"NVIDIA GeForce RTX 4060 Laptop GPU (CUDA, FP16)",
chunks_480,q18,calculation,What percentage of enrolled interns responded to the 2025 survey?,80 percent (48 / 60 * 100).,"The 2025 cohort had 60 enrolled interns, and 48 of them responded to the voluntary survey.  
\[
\frac{48}{60}\times100\% = 80\%
\]  
[Source 1]",True,True,True,True,True,,,0.03323689999979251,8.247706000000107,,0.1660820000001877,False,False,5,"NVIDIA GeForce RTX 4060 Laptop GPU (CUDA, FP16)",
chunks_480,q19,text,Why might the participant survey suffer from bias?,Voluntary participation and nonresponse may make respondents unrepresentative.,"The participant survey may suffer from bias because it was voluntary and only 48 of the 60 enrolled interns responded. Those who chose to respond could differ systematically from those who did not, potentially skewing the results. This non‑response bias means the survey findings describe only the respondents and may not represent the experiences of all interns. [Source 1]",True,True,True,True,True,,,0.02290499999980966,9.413297799999782,,0.1660820000001877,False,False,5,"NVIDIA GeForce RTX 4060 Laptop GPU (CUDA, FP16)",
chunks_480,q20,text,Do support desk visit counts represent unique students?,No. Repeat visits count separately and non-Aurora students can use the desk.,"No. The support‑desk visit counts are **interactions**, not unique students.  
The report states that “the monthly visit counts measure interactions, not unique visitors: the same person can visit several times”【Source 4】, and that “the desk is open to students outside Aurora, which explains why its monthly counts exceed the internship’s capacity”【Source 4】. The table of visits (Table 2) lists counts for each month but explicitly notes that there is no total row and that repeated visits by one student are counted separately【Source 1】【Source 3】. Therefore the visit counts do not represent unique students.",True,True,False,True,True,,,0.023634600000150385,3.2231511999998474,,0.1660820000001877,False,False,5,"NVIDIA GeForce RTX 4060 Laptop GPU (CUDA, FP16)",
chunks_480,q21,follow_up,How long is it?,The Aurora internship lasts eight weeks.,"The Aurora internship lasts **eight weeks**, with **ten hours of supervised work each week**【Source 1】.",True,True,True,True,True,,,0.02331990000038786,12.580002599999716,,0.1660820000001877,False,False,5,"NVIDIA GeForce RTX 4060 Laptop GPU (CUDA, FP16)",
chunks_480,q22,unanswerable,What is the average salary of Aurora graduates?,The report does not provide this information.,I could not find this information in the uploaded documents.,,,,True,False,,,0.015421900000092137,9.187452599999688,,0.1660820000001877,False,False,5,"NVIDIA GeForce RTX 4060 Laptop GPU (CUDA, FP16)",
overlap_30,q01,text,Who is eligible for Aurora?,Second-year engineering students.,"Eligible participants are **second‑year engineering students** who apply to the Aurora internship. The program requires applicants to submit a short project proposal and an academic transcript; prior industry employment is not required. The internship is supervised, lasts eight weeks, and includes ten hours of supervised work each week. The program has a capacity of 60 interns. [Source 1]",True,True,True,True,True,,,0.012780800000200543,7.505844600000273,,0.16726479999988442,False,False,6,"NVIDIA GeForce RTX 4060 Laptop GPU (CUDA, FP16)",
overlap_30,q02,text,How long does the Aurora internship last?,Eight weeks.,The Aurora internship lasts **eight weeks**. [Source 1],True,True,True,True,True,,,0.034136900000248716,0.6102313999999751,,0.16726479999988442,False,False,6,"NVIDIA GeForce RTX 4060 Laptop GPU (CUDA, FP16)",
overlap_30,q03,text,How many supervised hours are required each week?,Ten hours.,The Aurora internship requires **10 supervised hours each week**【Source 1】.,True,True,True,False,True,,,0.03440539999974135,9.124613399999816,,0.16726479999988442,False,False,6,"NVIDIA GeForce RTX 4060 Laptop GPU (CUDA, FP16)",
overlap_30,q04,text,Who coordinates Aurora?,Maya Haddad.,"The Aurora internship is coordinated by Maya Haddad, who serves as the program coordinator. [Source 1]",True,True,True,True,True,,,0.03438060000007681,12.261881500000072,,0.16726479999988442,False,False,6,"NVIDIA GeForce RTX 4060 Laptop GPU (CUDA, FP16)",
overlap_30,q05,text,When does the 2026 internship begin?,6 July 2026.,The 2026 Aurora internship begins on **6 July 2026**【Source 1】.,True,True,True,True,True,,,0.04340309999997771,8.336281499999586,,0.16726479999988442,False,False,6,"NVIDIA GeForce RTX 4060 Laptop GPU (CUDA, FP16)",
overlap_30,q06,text,When do applications close?,15 June 2026.,Applications close on **15 June 2026**【Source 1】.,True,True,True,True,True,,,0.020888100000320264,5.313002600000345,,0.16726479999988442,False,False,6,"NVIDIA GeForce RTX 4060 Laptop GPU (CUDA, FP16)",
overlap_30,q07,text,What is the internship capacity?,60 interns.,The Aurora internship program has a capacity for **60 interns**【Source 1】.,True,True,True,True,True,,,0.03326470000001791,8.135713900000155,,0.16726479999988442,False,False,6,"NVIDIA GeForce RTX 4060 Laptop GPU (CUDA, FP16)",
overlap_30,q08,text,How many supervisor meetings must a student attend?,Seven of eight meetings.,"A student must attend **seven of the eight weekly supervisor meetings** to satisfy the assessment requirement.  
[Source 1]",True,True,True,True,True,,,0.04977149999967878,12.740610500000003,,0.16726479999988442,False,False,6,"NVIDIA GeForce RTX 4060 Laptop GPU (CUDA, FP16)",
overlap_30,q09,table,How many applicants were there in 2024?,100 applicants.,There were **100 applicants** in 2024. [Source 1],True,True,True,True,True,,,0.03269909999971787,5.186381900000015,,0.16726479999988442,False,False,6,"NVIDIA GeForce RTX 4060 Laptop GPU (CUDA, FP16)",
overlap_30,q10,table,How many interns completed Aurora in 2025?,54 interns.,The 2025 cohort had **54 interns who completed the Aurora internship**【4】.,True,True,False,True,False,,,0.03229509999982838,8.244503399999758,,0.16726479999988442,False,False,6,"NVIDIA GeForce RTX 4060 Laptop GPU (CUDA, FP16)",
overlap_30,q11,table,How many support desk visits occurred in March 2025?,144 visits.,The support desk recorded **144 visits in March 2025**【Source 2】.,True,True,False,True,True,,,0.04076489999988553,4.24246869999979,,0.16726479999988442,False,False,6,"NVIDIA GeForce RTX 4060 Laptop GPU (CUDA, FP16)",
overlap_30,q12,table,"Which month had the most support desk visits, and how many?","December, 252 visits.","The month with the most support desk visits was **December**, with **252 visits** [Source 2].",True,True,False,True,True,,,0.03506770000012693,7.763474399999723,,0.16726479999988442,False,False,6,"NVIDIA GeForce RTX 4060 Laptop GPU (CUDA, FP16)",
overlap_30,q13,calculation,"What was the total enrollment across the 2023, 2024, and 2025 cohorts?",150 students (40 + 50 + 60).,"The total enrollment for the 2023, 2024, and 2025 cohorts was **150** students.  
This is the sum of the enrolled counts in Table 1 of Source 1: 40 (2023) + 50 (2024) + 60 (2025) = 150. [Source 1]",True,True,True,True,True,,,0.028965700000298966,27.918830399999933,,0.16726479999988442,False,False,6,"NVIDIA GeForce RTX 4060 Laptop GPU (CUDA, FP16)",
overlap_30,q14,calculation,How many more applicants were there in 2025 than in 2023?,40 more applicants (120 - 80).,"The number of applicants in 2025 was 120, compared with 80 applicants in 2023.  
The difference is \(120 - 80 = 40\) more applicants in 2025 than in 2023.  

[Source 1]",True,True,True,True,True,,,0.03972539999995206,7.175732300000163,,0.16726479999988442,False,False,6,"NVIDIA GeForce RTX 4060 Laptop GPU (CUDA, FP16)",
overlap_30,q15,calculation,What was the percentage increase in enrollment from 2023 to 2025?,50 percent ((60 - 40) / 40 * 100).,"The enrollment increased from 40 interns in 2023 to 60 interns in 2025.  
The percentage increase is calculated as  

\[
\frac{60-40}{40}\times100\% = \frac{20}{40}\times100\% = 50\%
\]

Thus, enrollment rose by **50 %** from 2023 to 2025. [Source 2]",True,True,False,True,True,,,0.06558409999979631,9.491692799999782,,0.16726479999988442,False,False,6,"NVIDIA GeForce RTX 4060 Laptop GPU (CUDA, FP16)",
overlap_30,q16,calculation,What was the total number of support desk visits in 2025?,"2232 visits, summing all twelve months.","The total number of support desk visits in 2025 was **2,232** visits【commentary 1】.",True,True,False,True,False,,,0.040746300000137126,17.708018899999843,,0.16726479999988442,False,False,6,"NVIDIA GeForce RTX 4060 Laptop GPU (CUDA, FP16)",
overlap_30,q17,calculation,What was the average monthly number of support desk visits in 2025?,186 visits (2232 / 12).,"The average monthly number of support desk visits in 2025 was **186 visits** per month.  

This is calculated from the monthly counts in Table 2 of the report:  

- Sum of visits: \(120+132+144+156+168+180+192+204+216+228+240+252 = 2{,}232\) visits.  
- Average: \(2{,}232 \div 12 = 186\) visits per month.  

[Source 2]",True,True,False,True,True,,,0.028333399999610265,8.97816049999983,,0.16726479999988442,False,False,6,"NVIDIA GeForce RTX 4060 Laptop GPU (CUDA, FP16)",
overlap_30,q18,calculation,What percentage of enrolled interns responded to the 2025 survey?,80 percent (48 / 60 * 100).,"The 2025 cohort had 60 enrolled interns, and 48 of them responded to the voluntary survey.  
\[
\frac{48}{60}\times100\% = 80\%
\]  
[Source 1]",True,True,True,True,True,,,0.029499700000087614,8.4106369000001,,0.16726479999988442,False,False,6,"NVIDIA GeForce RTX 4060 Laptop GPU (CUDA, FP16)",
overlap_30,q19,text,Why might the participant survey suffer from bias?,Voluntary participation and nonresponse may make respondents unrepresentative.,The participant survey may suffer from bias because it was voluntary and only 48 of the 60 enrolled interns responded. This non‑response could mean that the views expressed are not representative of the entire cohort; students who chose not to respond might have had different experiences or opinions about the internship. The report explicitly notes that “Nonresponse bias may affect the findings because students who chose not to respond might have different experiences”【Source 1】.,True,True,True,True,True,,,0.04169739999997546,9.375473600000078,,0.16726479999988442,False,False,6,"NVIDIA GeForce RTX 4060 Laptop GPU (CUDA, FP16)",
overlap_30,q20,text,Do support desk visit counts represent unique students?,No. Repeat visits count separately and non-Aurora students can use the desk.,"No. The report explicitly states that the support‑desk visit counts are **not** a measure of unique students. Each visit is counted separately, so a single student who visits multiple times will be counted multiple times. This is noted in the description of the support‑desk data and in the table caption.  

- Source 1: “The support desk visits therefore cannot be used as a count of enrolled interns. The desk is open to students outside Aurora, which explains why its monthly counts exceed the internship's capacity.”  
- Source 2 (and Source 4): “Counting rule: repeated visits by one student are counted separately. The values are exact recorded counts, with no seasonal adjustment.”",True,True,True,True,False,,,0.04654930000015156,6.171990700000151,,0.16726479999988442,False,False,6,"NVIDIA GeForce RTX 4060 Laptop GPU (CUDA, FP16)",
overlap_30,q21,follow_up,How long is it?,The Aurora internship lasts eight weeks.,"The Aurora internship lasts **eight weeks**, with **ten hours of supervised work each week**【Source 1】.",True,True,True,True,True,,,0.024325599999883707,7.734621699999934,,0.16726479999988442,False,False,6,"NVIDIA GeForce RTX 4060 Laptop GPU (CUDA, FP16)",
overlap_30,q22,unanswerable,What is the average salary of Aurora graduates?,The report does not provide this information.,I could not find this information in the uploaded documents.,,,,True,False,,,0.01901559999987512,4.210218799999893,,0.16726479999988442,False,False,6,"NVIDIA GeForce RTX 4060 Laptop GPU (CUDA, FP16)",
llm_gpt_oss_120b,q01,text,Who is eligible for Aurora?,Second-year engineering students.,"Eligibility for the Aurora internship is limited to **second‑year engineering students**. The program is a supervised eight‑week internship with ten hours of supervised work each week, and it is open to students who meet this academic standing regardless of prior industry employment. [Source 1]",True,True,True,True,True,,,0.10373819999995249,1.2490548999999191,,0.02731870000025083,True,True,6,"NVIDIA GeForce RTX 4060 Laptop GPU (CUDA, FP16)",
llm_gpt_oss_120b,q02,text,How long does the Aurora internship last?,Eight weeks.,"The Aurora internship lasts eight weeks, with ten hours of supervised work each week【Source 1】.",True,True,True,True,True,,,0.01446869999995215,1.3899774999999863,,0.02731870000025083,True,True,6,"NVIDIA GeForce RTX 4060 Laptop GPU (CUDA, FP16)",
llm_gpt_oss_120b,q03,text,How many supervised hours are required each week?,Ten hours.,The Aurora internship requires **ten hours of supervised work each week**【Source 1】.,True,True,True,True,True,,,0.016264099999943937,1.237800100000186,,0.02731870000025083,True,True,6,"NVIDIA GeForce RTX 4060 Laptop GPU (CUDA, FP16)",
llm_gpt_oss_120b,q04,text,Who coordinates Aurora?,Maya Haddad.,Maya Haddad is the program coordinator for Aurora【Source 1】.,True,True,True,True,True,,,0.012710599999991246,1.0588039999997818,,0.02731870000025083,True,True,6,"NVIDIA GeForce RTX 4060 Laptop GPU (CUDA, FP16)",
llm_gpt_oss_120b,q05,text,When does the 2026 internship begin?,6 July 2026.,The 2026 internship begins on 6 July 2026【Source 1】.,True,True,True,True,True,,,0.010143500000140193,0.9398043000001053,,0.02731870000025083,True,True,6,"NVIDIA GeForce RTX 4060 Laptop GPU (CUDA, FP16)",
llm_gpt_oss_120b,q06,text,When do applications close?,15 June 2026.,Applications close on **15 June 2026**【Source 1】.,True,True,True,True,True,,,0.015190800000027593,33.93894779999982,,0.02731870000025083,True,True,6,"NVIDIA GeForce RTX 4060 Laptop GPU (CUDA, FP16)",
llm_gpt_oss_120b,q07,text,What is the internship capacity?,60 interns.,The internship has capacity for **60 interns**【Source 1】.,True,True,True,True,True,,,0.01461949999998069,0.5293097000003399,,0.02731870000025083,True,True,6,"NVIDIA GeForce RTX 4060 Laptop GPU (CUDA, FP16)",
llm_gpt_oss_120b,q08,text,How many supervisor meetings must a student attend?,Seven of eight meetings.,A student must attend **seven of the eight weekly supervisor meetings**【Source 3】.,True,True,False,True,True,,,0.04431190000013885,0.5982355999999527,,0.02731870000025083,True,True,6,"NVIDIA GeForce RTX 4060 Laptop GPU (CUDA, FP16)",
llm_gpt_oss_120b,q09,table,How many applicants were there in 2024?,100 applicants.,"In 2024, there were **100 applicants** to the Aurora program【Source 1】.",True,True,True,True,True,,,0.050005800000008094,0.6526776999999129,,0.02731870000025083,True,True,6,"NVIDIA GeForce RTX 4060 Laptop GPU (CUDA, FP16)",
llm_gpt_oss_120b,q10,table,How many interns completed Aurora in 2025?,54 interns.,"In the 2025 cohort, 54 interns completed the Aurora internship program【Source 4】.",True,True,False,True,True,,,0.05195640000010826,0.9055794999999307,,0.02731870000025083,True,True,6,"NVIDIA GeForce RTX 4060 Laptop GPU (CUDA, FP16)",
llm_gpt_oss_120b,q11,table,How many support desk visits occurred in March 2025?,144 visits.,"In March 2025, the support desk recorded **144 visits**【Source 2】.",True,True,False,True,True,,,0.033977300000060495,4.932812200000171,,0.02731870000025083,True,True,6,"NVIDIA GeForce RTX 4060 Laptop GPU (CUDA, FP16)",
llm_gpt_oss_120b,q12,table,"Which month had the most support desk visits, and how many?","December, 252 visits.","The month with the highest number of support‑desk visits was **December**, with **252 visits**【Source 2】.",True,True,False,True,True,,,0.023803499999985434,9.661321199999747,,0.02731870000025083,True,True,6,"NVIDIA GeForce RTX 4060 Laptop GPU (CUDA, FP16)",
llm_gpt_oss_120b,q13,calculation,"What was the total enrollment across the 2023, 2024, and 2025 cohorts?",150 students (40 + 50 + 60).,"The enrollment numbers are 40 in 2023, 50 in 2024, and 60 in 2025. Adding these gives a total enrollment of **150** across the three cohorts【Source 1】.",True,True,True,True,True,,,0.044375799999897936,30.13514239999995,,0.02731870000025083,True,True,6,"NVIDIA GeForce RTX 4060 Laptop GPU (CUDA, FP16)",
llm_gpt_oss_120b,q14,calculation,How many more applicants were there in 2025 than in 2023?,40 more applicants (120 - 80).,"In 2025 there were 120 applicants, while in 2023 there were 80 applicants.  
The difference is 120 − 80 = 40 more applicants in 2025 than in 2023. [Source 1]",True,True,True,True,True,,,0.02681199999983619,10.47170240000014,,0.02731870000025083,True,True,6,"NVIDIA GeForce RTX 4060 Laptop GPU (CUDA, FP16)",
llm_gpt_oss_120b,q15,calculation,What was the percentage increase in enrollment from 2023 to 2025?,50 percent ((60 - 40) / 40 * 100).,"The enrollment figure was 40 students in 2023 and 60 students in 2025 [Source 2].  
The increase is 20 students, which is 20 ÷ 40 = 0.50, or a **50 % increase** in enrollment from 2023 to 2025.",True,True,False,True,True,,,0.0356763999998293,13.982414500000232,,0.02731870000025083,True,True,6,"NVIDIA GeForce RTX 4060 Laptop GPU (CUDA, FP16)",
llm_gpt_oss_120b,q16,calculation,What was the total number of support desk visits in 2025?,"2232 visits, summing all twelve months.","The support desk recorded a total of **2,232 visits** during 2025【Source 2】.",True,True,False,True,True,,,0.014573199999858844,14.804688400000032,,0.02731870000025083,True,True,6,"NVIDIA GeForce RTX 4060 Laptop GPU (CUDA, FP16)",
llm_gpt_oss_120b,q17,calculation,What was the average monthly number of support desk visits in 2025?,186 visits (2232 / 12).,The average monthly number of support‑desk visits in 2025 was **186 visits**【Source 2】.,True,True,False,True,True,,,0.03263729999980569,12.825815700000021,,0.02731870000025083,True,True,6,"NVIDIA GeForce RTX 4060 Laptop GPU (CUDA, FP16)",
llm_gpt_oss_120b,q18,calculation,What percentage of enrolled interns responded to the 2025 survey?,80 percent (48 / 60 * 100).,"The 2025 cohort had **48** respondents out of **60** enrolled interns, which is  

\[
\frac{48}{60}\times 100\% = 80\%
\]

**Answer: 80 % of the enrolled interns responded to the 2025 survey.**  

**Sources**  
- The number of enrolled interns (60) and the number of survey respondents (48) are reported in the participant‑survey description of the 2025 cohort【Source 1】.",True,True,True,True,True,,,0.03931929999998829,19.751780000000053,,0.02731870000025083,True,True,6,"NVIDIA GeForce RTX 4060 Laptop GPU (CUDA, FP16)",
llm_gpt_oss_120b,q19,text,Why might the participant survey suffer from bias?,Voluntary participation and nonresponse may make respondents unrepresentative.,"The participant survey may suffer from **non‑response bias** because only a subset of the enrolled interns chose to answer the voluntary questionnaire. In the 2025 cohort, 48 of the 60 enrolled interns responded, meaning 12 interns (20 % of the cohort) did not provide any feedback. If the non‑respondents had different experiences—such as finding the internship less useful or encountering more difficulties—the survey results would not accurately represent the whole group. The report explicitly notes that “Nonresponse bias may affect the findings because students who chose not to respond might have different experiences”【Source 1】. This limitation, combined with the voluntary nature of the survey, can skew the reported satisfaction levels.",True,True,True,True,True,,,0.15347289999999703,10.89189290000013,,0.02731870000025083,True,True,6,"NVIDIA GeForce RTX 4060 Laptop GPU (CUDA, FP16)",
llm_gpt_oss_120b,q20,text,Do support desk visit counts represent unique students?,No. Repeat visits count separately and non-Aurora students can use the desk.,"The support‑desk visit numbers are **not** counts of unique students. The report states that the desk records “visits” and that “repeated visits by one student are counted separately” [Source 2]. It also notes that the same person can visit several times, so the monthly visit counts cannot be used as a count of enrolled interns [Source 1].",True,True,True,True,True,,,0.032695099999955346,6.897793900000124,,0.02731870000025083,True,True,6,"NVIDIA GeForce RTX 4060 Laptop GPU (CUDA, FP16)",
llm_gpt_oss_120b,q21,follow_up,How long is it?,The Aurora internship lasts eight weeks.,The Aurora internship lasts **eight weeks** (with ten hours of supervised work each week)【Source 1】.,True,True,True,True,True,,,0.02109359999985827,8.390069499999754,,0.02731870000025083,True,True,6,"NVIDIA GeForce RTX 4060 Laptop GPU (CUDA, FP16)",
llm_gpt_oss_120b,q22,unanswerable,What is the average salary of Aurora graduates?,The report does not provide this information.,I could not find this information in the uploaded documents.,,,,True,False,,,0.03976439999996728,7.2048227000000225,,0.02731870000025083,True,True,6,"NVIDIA GeForce RTX 4060 Laptop GPU (CUDA, FP16)",
llm_qwen,q01,text,Who is eligible for Aurora?,Second-year engineering students.,"Aurora is a supervised internship for second-year engineering students [Source 1]. Applicants must submit a short project proposal and an academic transcript [Source 1]. Selection considers the clarity of the proposed problem and the applicant's readiness to work with a supervisor [Source 1]. Prior industry employment is not required [Source 1].

[Source 1]",True,True,True,True,True,,,0.10373819999995249,1.2024377999996432,,0.014309700000012526,True,True,6,"NVIDIA GeForce RTX 4060 Laptop GPU (CUDA, FP16)",
llm_qwen,q02,text,How long does the Aurora internship last?,Eight weeks.,The Aurora internship lasts eight weeks [Source 1].,True,True,True,True,True,,,0.01446869999995215,1.3640352000002167,,0.014309700000012526,True,True,6,"NVIDIA GeForce RTX 4060 Laptop GPU (CUDA, FP16)",
llm_qwen,q03,text,How many supervised hours are required each week?,Ten hours.,"**Answer:** The Aurora internship requires **10 hours of supervised work each week** [Source 1].

No table arithmetic is needed for this question, as the value is explicitly stated in the program description: ""The internship lasts eight weeks, with ten hours of supervised work each week"" [Source 1].",True,True,True,True,True,,,0.016264099999943937,18.666513799999848,,0.014309700000012526,True,True,6,"NVIDIA GeForce RTX 4060 Laptop GPU (CUDA, FP16)",
llm_qwen,q04,text,Who coordinates Aurora?,Maya Haddad.,"Maya Haddad is the program coordinator for Aurora [Source 1].

[Source 1]",True,True,True,True,True,,,0.012710599999991246,13.672714100000121,,0.014309700000012526,True,True,6,"NVIDIA GeForce RTX 4060 Laptop GPU (CUDA, FP16)",
llm_qwen,q05,text,When does the 2026 internship begin?,6 July 2026.,"The 2026 internship begins on 6 July 2026 [Source 1].

(Note: No table calculation was needed for this factual date question.)",True,True,True,True,True,,,0.010143500000140193,27.9988886000001,,0.014309700000012526,True,True,6,"NVIDIA GeForce RTX 4060 Laptop GPU (CUDA, FP16)",
llm_qwen,q06,text,When do applications close?,15 June 2026.,Applications close on 15 June 2026 [Source 1].,True,True,True,True,True,,,0.015190800000027593,25.976475800000117,,0.014309700000012526,True,True,6,"NVIDIA GeForce RTX 4060 Laptop GPU (CUDA, FP16)",
llm_qwen,q07,text,What is the internship capacity?,60 interns.,"The internship capacity is **60 interns** [Source 1].

This is consistent with the 2025 cohort, which had 60 enrolled interns [Source 4].",True,True,True,True,True,,,0.01461949999998069,26.776828699999896,,0.014309700000012526,True,True,6,"NVIDIA GeForce RTX 4060 Laptop GPU (CUDA, FP16)",
llm_qwen,q08,text,How many supervisor meetings must a student attend?,Seven of eight meetings.,A student must attend seven of the eight weekly supervisor meetings [Source 3].,True,True,False,True,True,,,0.04431190000013885,13.192192900000009,,0.014309700000012526,True,True,6,"NVIDIA GeForce RTX 4060 Laptop GPU (CUDA, FP16)",
llm_qwen,q09,table,How many applicants were there in 2024?,100 applicants.,"There were **100 applicants** in 2024 [Source 1].

Calculation: Row 2 (2024), Applicants column = 100.",True,True,True,True,True,,,0.050005800000008094,27.917053099999976,,0.014309700000012526,True,True,6,"NVIDIA GeForce RTX 4060 Laptop GPU (CUDA, FP16)",
llm_qwen,q10,table,How many interns completed Aurora in 2025?,54 interns.,The number of interns who completed Aurora in 2025 is **54** [Source 4].,True,True,False,True,True,,,0.05195640000010826,29.10258410000006,,0.014309700000012526,True,True,6,"NVIDIA GeForce RTX 4060 Laptop GPU (CUDA, FP16)",
llm_qwen,q11,table,How many support desk visits occurred in March 2025?,144 visits.,"There were **144 support desk visits** in March 2025 [Source 2].

This is based on Table 2, which reports monthly support desk visits during 2025, with the unit being visits [Source 1, Source 2]. The table explicitly lists March (Row 3) with a value of 144 visits [Source 2].

Note: These counts represent interactions, not unique visitors, as the same person can visit multiple times [Source 3].",True,True,False,True,True,,,0.033977300000060495,12.27390319999995,,0.014309700000012526,True,True,6,"NVIDIA GeForce RTX 4060 Laptop GPU (CUDA, FP16)",
llm_qwen,q12,table,"Which month had the most support desk visits, and how many?","December, 252 visits.","December had the most support desk visits, with 252 visits [Source 2].

This is confirmed by the maximum value across all twelve months in Table 2 (unit: visits) [Source 1][Source 2]. The next highest month was November with 240 visits [Source 2].

Note: These counts measure interactions, not unique visitors, and the desk is open to students outside Aurora, so the counts exceed the internship's capacity [Source 3].",True,True,False,True,True,,,0.023803499999985434,28.2005651999998,,0.014309700000012526,True,True,6,"NVIDIA GeForce RTX 4060 Laptop GPU (CUDA, FP16)",
llm_qwen,q13,calculation,"What was the total enrollment across the 2023, 2024, and 2025 cohorts?",150 students (40 + 50 + 60).,"The total enrollment across the 2023, 2024, and 2025 cohorts is 150 students. This is calculated by summing the enrolled students for each year: 40 (2023) + 50 (2024) + 60 (2025) = 150 [Source 1].",True,True,True,True,True,,,0.044375799999897936,28.89519990000008,,0.014309700000012526,True,True,6,"NVIDIA GeForce RTX 4060 Laptop GPU (CUDA, FP16)",
llm_qwen,q14,calculation,How many more applicants were there in 2025 than in 2023?,40 more applicants (120 - 80).,"The calculation confirms the difference is 40 (the negative sign indicates the order of subtraction, but the magnitude is 40).

**Answer:** There were **40 more applicants** in 2025 than in 2023 (120 − 80 = 40) [Source 1].",True,True,True,True,True,,,0.02681199999983619,27.654277300000103,,0.014309700000012526,True,True,6,"NVIDIA GeForce RTX 4060 Laptop GPU (CUDA, FP16)",
llm_qwen,q15,calculation,What was the percentage increase in enrollment from 2023 to 2025?,50 percent ((60 - 40) / 40 * 100).,"The percentage increase in enrollment from 2023 to 2025 was 50%.

**Calculation:**
*   2023 Enrollment: 40 [Source 2]
*   2025 Enrollment: 60 [Source 2]
*   Increase: $60 - 40 = 20$
*   Percentage Increase: $(20 / 40) \times 100 = 50\%$

[Source 2]",True,True,False,True,True,,,0.0356763999998293,30.517744499999935,,0.014309700000012526,True,True,6,"NVIDIA GeForce RTX 4060 Laptop GPU (CUDA, FP16)",
llm_qwen,q16,calculation,What was the total number of support desk visits in 2025?,"2232 visits, summing all twelve months.","The total number of support desk visits in 2025 was 2,232 visits. This is the sum of the monthly visit counts from January (120) through December (252) as reported in Table 2 [Source 2]. The unit is visits, and repeated visits by one student are counted separately [Source 1].",True,True,False,True,True,,,0.014573199999858844,27.353059099999882,,0.014309700000012526,True,True,6,"NVIDIA GeForce RTX 4060 Laptop GPU (CUDA, FP16)",
llm_qwen,q17,calculation,What was the average monthly number of support desk visits in 2025?,186 visits (2232 / 12).,"The total number of visits in 2025 is 2,232 [Source 2].
To find the average monthly number of visits, divide the total by the number of months (12):

$$ \text{Average} = \frac{2232}{12} = 186 $$

The average monthly number of support desk visits in 2025 was **186 visits** [Source 2].",True,True,False,True,True,,,0.03263729999980569,30.622682799999893,,0.014309700000012526,True,True,6,"NVIDIA GeForce RTX 4060 Laptop GPU (CUDA, FP16)",
llm_qwen,q18,calculation,What percentage of enrolled interns responded to the 2025 survey?,80 percent (48 / 60 * 100).,"To determine the percentage of enrolled interns who responded to the 2025 survey, we need to identify the number of respondents and the total number of enrolled interns for the 2025 cohort.

1.  **Number of respondents:** According to [Source 1], ""In the 2025 cohort, 48 of the 60 enrolled interns responded to a voluntary survey.""
2.  **Total enrolled interns:** [Source 1] states there were 60 enrolled interns. This is confirmed by [Source 3] (Table 1), which lists the ""Enrolled"" count for the year 2025 as 60.

Now, we calculate the percentage:
$$ \text{Percentage} = \left( \frac{\text{Respondents}}{\text{Enrolled}} \right) \times 100 $$
$$ \text{Percentage} = \left( \frac{48}{60} \right) \times 100 $$

Using the `calculate_table` tool is not strictly necessary for this simple division, but we can perform the arithmetic:
$48 \div 60 = 0.8$
$0.8 \times 100 = 80\%$

Alternatively, using the provided tool for precision if we treat the numbers as a small table:
*   Numerator (Respondents): 48
*   Denominator (Enrolled): 60

Let's verify the calculation.
$48 / 60 = 0.8$
$0.8 * 100 = 80$

The percentage of enrolled interns who responded is 80%.

**Answer:** 80% of enrolled interns responded to the 2025 survey [Source 1] [Source 3].",True,True,True,True,True,,,0.03931929999998829,13.511573799999951,,0.014309700000012526,True,True,6,"NVIDIA GeForce RTX 4060 Laptop GPU (CUDA, FP16)",
llm_qwen,q19,text,Why might the participant survey suffer from bias?,Voluntary participation and nonresponse may make respondents unrepresentative.,"The participant survey might suffer from **nonresponse bias** because it was voluntary and anonymous, meaning only a subset of enrolled interns chose to respond. Specifically, in the 2025 cohort, only 48 of the 60 enrolled interns responded to the survey [Source 1]. The report explicitly states that ""Nonresponse bias may affect the findings because students who chose not to respond might have different experiences"" than those who did [Source 1]. Additionally, because the survey was anonymous and not linked to final assessment scores, the results describe only the respondents and cannot be generalized to the entire cohort [Source 1].

[Source 1]",True,True,True,True,True,,,0.15347289999999703,12.691130000000157,,0.014309700000012526,True,True,6,"NVIDIA GeForce RTX 4060 Laptop GPU (CUDA, FP16)",
llm_qwen,q20,text,Do support desk visit counts represent unique students?,No. Repeat visits count separately and non-Aurora students can use the desk.,"No, support desk visit counts do not represent unique students.

The report explicitly states that the monthly visit counts ""measure interactions, not unique visitors: the same person can visit several times."" [Source 1] It further clarifies the counting rule: ""repeated visits by one student are counted separately."" [Source 2] Consequently, the document notes that ""Support desk visits therefore cannot be used as a count of enrolled interns."" [Source 1]

[Source 1, Source 2]",True,True,True,True,True,,,0.032695099999955346,10.907333500000277,,0.014309700000012526,True,True,6,"NVIDIA GeForce RTX 4060 Laptop GPU (CUDA, FP16)",
llm_qwen,q21,follow_up,How long is it?,The Aurora internship lasts eight weeks.,The Aurora internship lasts eight weeks [Source 1].,True,True,True,True,True,,,0.02109359999985827,27.3408929000002,,0.014309700000012526,True,True,6,"NVIDIA GeForce RTX 4060 Laptop GPU (CUDA, FP16)",
llm_qwen,q22,unanswerable,What is the average salary of Aurora graduates?,The report does not provide this information.,"I could not find this information in the uploaded documents.

The report explicitly states that it ""does not report post-graduation salaries, employment outcomes, or student ages"" [Source 2].",,,,True,True,,,0.03976439999996728,13.209006800000225,,0.014309700000012526,True,True,6,"NVIDIA GeForce RTX 4060 Laptop GPU (CUDA, FP16)",
embedding_e5,q01,text,Who is eligible for Aurora?,Second-year engineering students.,"Eligible participants are **second‑year engineering students** who apply to the Aurora internship. The program requires applicants to submit a short project proposal and an academic transcript; prior industry employment is not required. The internship is supervised, lasts eight weeks, and includes ten hours of supervised work each week. The program has a capacity for 60 interns, and applications close on 15 June 2026 for the 2026 cohort that begins on 6 July 2026. [Source 1]",True,True,True,True,True,,,0.013981300000068586,0.8198199999997087,,0.14551219999975729,False,False,6,"NVIDIA GeForce RTX 4060 Laptop GPU (CUDA, FP16)",
embedding_e5,q02,text,How long does the Aurora internship last?,Eight weeks.,The Aurora internship lasts **eight weeks**. [Source 1],True,True,True,True,True,,,0.017166999999972177,1.077571600000283,,0.14551219999975729,False,False,6,"NVIDIA GeForce RTX 4060 Laptop GPU (CUDA, FP16)",
embedding_e5,q03,text,How many supervised hours are required each week?,Ten hours.,The Aurora internship requires **ten supervised hours each week**【Source 1】.,True,True,True,False,True,,,0.010972099999889906,0.6960893000000397,,0.14551219999975729,False,False,6,"NVIDIA GeForce RTX 4060 Laptop GPU (CUDA, FP16)",
embedding_e5,q04,text,Who coordinates Aurora?,Maya Haddad.,The Aurora internship is coordinated by **Maya Haddad**【Source 1】.,True,True,True,True,True,,,0.059934400000202004,0.8263382000000092,,0.14551219999975729,False,False,6,"NVIDIA GeForce RTX 4060 Laptop GPU (CUDA, FP16)",
embedding_e5,q05,text,When does the 2026 internship begin?,6 July 2026.,The 2026 internship begins on **6 July 2026**【Source 1】.,True,True,True,True,True,,,0.03425370000013572,0.6098188000000846,,0.14551219999975729,False,False,6,"NVIDIA GeForce RTX 4060 Laptop GPU (CUDA, FP16)",
embedding_e5,q06,text,When do applications close?,15 June 2026.,Applications close on **15 June 2026**【Source 1】.,True,True,True,True,True,,,0.032745599999998376,0.5842299000000821,,0.14551219999975729,False,False,6,"NVIDIA GeForce RTX 4060 Laptop GPU (CUDA, FP16)",
embedding_e5,q07,text,What is the internship capacity?,60 interns.,The internship program has a capacity for **60 interns**【Source 1】.,True,True,True,True,True,,,0.06362470000021858,1.0551544999998441,,0.14551219999975729,False,False,6,"NVIDIA GeForce RTX 4060 Laptop GPU (CUDA, FP16)",
embedding_e5,q08,text,How many supervisor meetings must a student attend?,Seven of eight meetings.,"A student must attend **seven of the eight weekly supervisor meetings** to satisfy the attendance requirement for the internship.  
[Source 2]",True,True,False,True,True,,,0.047006299999793555,0.7994501999996828,,0.14551219999975729,False,False,6,"NVIDIA GeForce RTX 4060 Laptop GPU (CUDA, FP16)",
embedding_e5,q09,table,How many applicants were there in 2024?,100 applicants.,There were **100 applicants** in 2024【Source 1】.,True,True,True,True,True,,,0.0588991999998143,7.272067400000196,,0.14551219999975729,False,False,6,"NVIDIA GeForce RTX 4060 Laptop GPU (CUDA, FP16)",
embedding_e5,q10,table,How many interns completed Aurora in 2025?,54 interns.,The 2025 cohort had **54 interns who completed the Aurora internship**【Source 3】.,True,True,False,True,True,,,0.054079300000012154,12.040992599999754,,0.14551219999975729,False,False,6,"NVIDIA GeForce RTX 4060 Laptop GPU (CUDA, FP16)",
embedding_e5,q11,table,How many support desk visits occurred in March 2025?,144 visits.,The support desk recorded **144 visits in March 2025**【Source 1】.,True,True,True,True,True,,,0.04447970000001078,3.074985000000197,,0.14551219999975729,False,False,6,"NVIDIA GeForce RTX 4060 Laptop GPU (CUDA, FP16)",
embedding_e5,q12,table,"Which month had the most support desk visits, and how many?","December, 252 visits.","The month with the highest number of support desk visits was **December**, with **252 visits** [Source 1].",True,True,True,True,True,,,0.06273280000004888,19.896280500000103,,0.14551219999975729,False,False,6,"NVIDIA GeForce RTX 4060 Laptop GPU (CUDA, FP16)",
embedding_e5,q13,calculation,"What was the total enrollment across the 2023, 2024, and 2025 cohorts?",150 students (40 + 50 + 60).,"The total enrollment for the 2023, 2024, and 2025 cohorts was **150** students.  
This is the sum of the enrolled counts in Table 1: 40 (2023) + 50 (2024) + 60 (2025) = 150【commentary to=functions.calculate_table <|constrain|>json<|message|>{""cells"":[{""column"":3,""row"":1},{""column"":3,""row"":2},{""column"":3,""row"":3}],""operation"":""sum"",""source_number"":1}",True,True,True,True,False,,,0.04678180000018983,25.004033100000015,,0.14551219999975729,False,False,6,"NVIDIA GeForce RTX 4060 Laptop GPU (CUDA, FP16)",
embedding_e5,q14,calculation,How many more applicants were there in 2025 than in 2023?,40 more applicants (120 - 80).,"The 2025 cohort had 120 applicants, while the 2023 cohort had 80 applicants.  
The difference is:

120 – 80 = **40** more applicants in 2025 than in 2023.  

[Source 1]",True,True,True,True,True,,,0.054349699999875156,3.749847300000056,,0.14551219999975729,False,False,6,"NVIDIA GeForce RTX 4060 Laptop GPU (CUDA, FP16)",
embedding_e5,q15,calculation,What was the percentage increase in enrollment from 2023 to 2025?,50 percent ((60 - 40) / 40 * 100).,"The enrollment increased from 40 students in 2023 to 60 students in 2025, which is a **50 % increase** in enrollment.  

[Source 2]",True,True,False,True,True,,,0.04917059999979756,7.880918600000314,,0.14551219999975729,False,False,6,"NVIDIA GeForce RTX 4060 Laptop GPU (CUDA, FP16)",
embedding_e5,q16,calculation,What was the total number of support desk visits in 2025?,"2232 visits, summing all twelve months.","The total number of support desk visits in 2025 was **2,232** visits【1】.",True,True,True,True,False,,,0.03993739999987156,22.021335500000077,,0.14551219999975729,False,False,6,"NVIDIA GeForce RTX 4060 Laptop GPU (CUDA, FP16)",
embedding_e5,q17,calculation,What was the average monthly number of support desk visits in 2025?,186 visits (2232 / 12).,"The average monthly number of support desk visits in 2025 was **186 visits** per month.  
This is calculated by taking the mean of the 12 monthly values listed in Table 2 of Source 1: 120, 132, 144, 156, 168, 180, 192, 204, 216, 228, 240, and 252 visits. [Source 1]",True,True,True,True,True,,,0.03415359999962675,17.220294600000216,,0.14551219999975729,False,False,6,"NVIDIA GeForce RTX 4060 Laptop GPU (CUDA, FP16)",
embedding_e5,q18,calculation,What percentage of enrolled interns responded to the 2025 survey?,80 percent (48 / 60 * 100).,"The 2025 cohort had 60 enrolled interns, and 48 of them responded to the voluntary survey.  
\[
\frac{48}{60}\times100\% = 80\%
\]  
Thus, **80 % of the enrolled interns responded** to the 2025 survey. [Source 1]",True,True,True,True,True,,,0.04985399999986839,9.17560390000017,,0.14551219999975729,False,False,6,"NVIDIA GeForce RTX 4060 Laptop GPU (CUDA, FP16)",
embedding_e5,q19,text,Why might the participant survey suffer from bias?,Voluntary participation and nonresponse may make respondents unrepresentative.,"The participant survey may suffer from bias because it was voluntary and only 48 of the 60 enrolled interns responded. Those who chose to respond could differ systematically from those who did not, potentially skewing the results. This non‑response bias means the survey findings may not accurately represent the experiences of all interns. [Source 1]",True,True,True,True,True,,,0.058208100000229024,9.713558399999783,,0.14551219999975729,False,False,6,"NVIDIA GeForce RTX 4060 Laptop GPU (CUDA, FP16)",
embedding_e5,q20,text,Do support desk visit counts represent unique students?,No. Repeat visits count separately and non-Aurora students can use the desk.,"No. The support‑desk visit counts are **not** a count of unique students.  
The report explicitly states that the monthly counts measure interactions, not unique visitors, and that repeated visits by the same student are counted separately【Source 1】【Source 2】.",True,True,True,True,True,,,0.044440600000143604,9.455281200000172,,0.14551219999975729,False,False,6,"NVIDIA GeForce RTX 4060 Laptop GPU (CUDA, FP16)",
embedding_e5,q21,follow_up,How long is it?,The Aurora internship lasts eight weeks.,The Aurora internship lasts **eight weeks**. [Source 1],True,True,True,True,True,,,0.061415000000124564,7.144882100000359,,0.14551219999975729,False,False,6,"NVIDIA GeForce RTX 4060 Laptop GPU (CUDA, FP16)",
embedding_e5,q22,unanswerable,What is the average salary of Aurora graduates?,The report does not provide this information.,I could not find this information in the uploaded documents.,,,,True,False,,,0.04285680000020875,2.3435020000001714,,0.14551219999975729,False,False,6,"NVIDIA GeForce RTX 4060 Laptop GPU (CUDA, FP16)",
embedding_bge_m3,q01,text,Who is eligible for Aurora?,Second-year engineering students.,"Eligible participants are **second‑year engineering students** who apply to the Aurora internship. The program requires applicants to submit a short project proposal and an academic transcript; prior industry employment is not required. The internship is supervised, lasts eight weeks, and includes ten hours of supervised work each week. The program has a capacity for 60 interns, and applications close on 15 June 2026 for the 2026 cohort that begins on 6 July 2026. [Source 1]",True,True,True,True,True,,,0.03440409999984695,0.8911213000001226,,0.3137237000000823,False,False,6,"NVIDIA GeForce RTX 4060 Laptop GPU (CUDA, FP16)",
embedding_bge_m3,q02,text,How long does the Aurora internship last?,Eight weeks.,The Aurora internship lasts **eight weeks**. [Source 1],True,True,True,True,True,,,0.021968199999719218,0.6587143999995533,,0.3137237000000823,False,False,6,"NVIDIA GeForce RTX 4060 Laptop GPU (CUDA, FP16)",
embedding_bge_m3,q03,text,How many supervised hours are required each week?,Ten hours.,The Aurora internship requires **ten supervised hours each week**【Source 1】.,True,True,True,False,True,,,0.020169499999610707,0.5172781999999643,,0.3137237000000823,False,False,6,"NVIDIA GeForce RTX 4060 Laptop GPU (CUDA, FP16)",
embedding_bge_m3,q04,text,Who coordinates Aurora?,Maya Haddad.,The Aurora internship is coordinated by **Maya Haddad**【Source 1】.,True,True,True,True,True,,,0.02557410000008531,0.9144422999997914,,0.3137237000000823,False,False,6,"NVIDIA GeForce RTX 4060 Laptop GPU (CUDA, FP16)",
embedding_bge_m3,q05,text,When does the 2026 internship begin?,6 July 2026.,The 2026 internship begins on **6 July 2026**【Source 1】.,True,True,True,True,True,,,0.07814830000006623,0.5742072000002736,,0.3137237000000823,False,False,6,"NVIDIA GeForce RTX 4060 Laptop GPU (CUDA, FP16)",
embedding_bge_m3,q06,text,When do applications close?,15 June 2026.,Applications close on **15 June 2026**【Source 2】.,True,True,False,True,True,,,0.07871440000053553,0.34025759999985894,,0.3137237000000823,False,False,6,"NVIDIA GeForce RTX 4060 Laptop GPU (CUDA, FP16)",
embedding_bge_m3,q07,text,What is the internship capacity?,60 interns.,The internship program has a capacity for **60 interns**【Source 1】.,True,True,True,True,True,,,0.10451730000022508,0.7350845999999365,,0.3137237000000823,False,False,6,"NVIDIA GeForce RTX 4060 Laptop GPU (CUDA, FP16)",
embedding_bge_m3,q08,text,How many supervisor meetings must a student attend?,Seven of eight meetings.,A student must attend **seven** of the eight weekly supervisor meetings. [Source 2],True,True,False,True,True,,,0.13990689999991446,0.554142299999512,,0.3137237000000823,False,False,6,"NVIDIA GeForce RTX 4060 Laptop GPU (CUDA, FP16)",
embedding_bge_m3,q09,table,How many applicants were there in 2024?,100 applicants.,The report lists 100 applicants for the 2024 cohort【Source 1】.,True,True,True,True,True,,,0.15543239999988145,6.023457199999939,,0.3137237000000823,False,False,6,"NVIDIA GeForce RTX 4060 Laptop GPU (CUDA, FP16)",
embedding_bge_m3,q10,table,How many interns completed Aurora in 2025?,54 interns.,The 2025 cohort had **54 interns who completed the Aurora internship**【4】.,True,True,False,True,False,,,0.14591260000088369,8.876105399999688,,0.3137237000000823,False,False,6,"NVIDIA GeForce RTX 4060 Laptop GPU (CUDA, FP16)",
embedding_bge_m3,q11,table,How many support desk visits occurred in March 2025?,144 visits.,The report lists 144 support desk visits for March 2025【Source 2】.,True,True,False,True,True,,,0.14015359999939392,5.517300999999861,,0.3137237000000823,False,False,6,"NVIDIA GeForce RTX 4060 Laptop GPU (CUDA, FP16)",
embedding_bge_m3,q12,table,"Which month had the most support desk visits, and how many?","December, 252 visits.","The month with the most support desk visits was **December**, with **252 visits**【1】.",True,True,True,True,False,,,0.1445607999994536,14.684664999999768,,0.3137237000000823,False,False,6,"NVIDIA GeForce RTX 4060 Laptop GPU (CUDA, FP16)",
embedding_bge_m3,q13,calculation,"What was the total enrollment across the 2023, 2024, and 2025 cohorts?",150 students (40 + 50 + 60).,"The total enrollment across the 2023, 2024, and 2025 cohorts was 150 students.  
This is calculated by summing the enrolled figures from Table 1 in Source 1: 40 (2023) + 50 (2024) + 60 (2025) = 150. [Source 1]",True,True,True,True,True,,,0.1364116999993712,10.056307799999558,,0.3137237000000823,False,False,6,"NVIDIA GeForce RTX 4060 Laptop GPU (CUDA, FP16)",
embedding_bge_m3,q14,calculation,How many more applicants were there in 2025 than in 2023?,40 more applicants (120 - 80).,"The 2025 cohort had 120 applicants, while the 2023 cohort had 80 applicants.  
The difference is 120 – 80 = **40 more applicants** in 2025 than in 2023. [Source 1]",True,True,True,True,True,,,0.15331900000001042,10.416503099999318,,0.3137237000000823,False,False,6,"NVIDIA GeForce RTX 4060 Laptop GPU (CUDA, FP16)",
embedding_bge_m3,q15,calculation,What was the percentage increase in enrollment from 2023 to 2025?,50 percent ((60 - 40) / 40 * 100).,"The enrollment increased from 40 students in 2023 to 60 students in 2025.  
The percentage increase is calculated as  

\[
\frac{60-40}{40}\times100\% = \frac{20}{40}\times100\% = 50\%
\]

[Source 1]",True,True,True,True,True,,,0.13691730000027746,8.135762900000373,,0.3137237000000823,False,False,6,"NVIDIA GeForce RTX 4060 Laptop GPU (CUDA, FP16)",
embedding_bge_m3,q16,calculation,What was the total number of support desk visits in 2025?,"2232 visits, summing all twelve months.","The total number of support desk visits in 2025 was **2,232** visits.  
[Source 2]",True,True,False,True,True,,,0.13474810000025172,17.062805099999423,,0.3137237000000823,False,False,6,"NVIDIA GeForce RTX 4060 Laptop GPU (CUDA, FP16)",
embedding_bge_m3,q17,calculation,What was the average monthly number of support desk visits in 2025?,186 visits (2232 / 12).,"The average monthly number of support desk visits in 2025 was **186 visits** per month.  
[Source 2]",True,True,False,True,True,,,0.1403522000000521,1.6849025999999867,,0.7795164999999997,True,True,6,"NVIDIA GeForce RTX 4060 Laptop GPU (CUDA, FP16)",
embedding_bge_m3,q18,calculation,What percentage of enrolled interns responded to the 2025 survey?,80 percent (48 / 60 * 100).,"The 2025 cohort had 60 enrolled interns, and 48 of them responded to the voluntary survey.  
\[
\frac{48}{60}\times100\% = 80\%
\]  
[Source 1]",True,True,True,True,True,,,0.13753489999999147,0.5438338999999814,,0.7795164999999997,True,True,6,"NVIDIA GeForce RTX 4060 Laptop GPU (CUDA, FP16)",
embedding_bge_m3,q20,text,Do support desk visit counts represent unique students?,No. Repeat visits count separately and non-Aurora students can use the desk.,"No. The report explicitly states that the support‑desk counts are **interactions**, not unique visitors. Repeated visits by the same student are counted separately, so the numbers in Table 2 (Source 3) cannot be interpreted as a count of distinct students. This is also noted in the explanatory text (Source 2).",True,True,False,True,False,,,0.06774490000043443,0.6380973000000267,,0.7795164999999997,True,True,6,"NVIDIA GeForce RTX 4060 Laptop GPU (CUDA, FP16)",
embedding_bge_m3,q21,follow_up,How long is it?,The Aurora internship lasts eight weeks.,"The Aurora internship lasts **eight weeks**, with **ten hours of supervised work each week**[Source 1].",True,True,True,True,True,,,0.06900339999992866,0.5077575000000252,,0.7795164999999997,True,True,6,"NVIDIA GeForce RTX 4060 Laptop GPU (CUDA, FP16)",
embedding_bge_m3,q22,unanswerable,What is the average salary of Aurora graduates?,The report does not provide this information.,I could not find this information in the uploaded documents.,,,,True,False,,,0.06711929999983113,5.874971999999957,,0.7795164999999997,True,True,6,"NVIDIA GeForce RTX 4060 Laptop GPU (CUDA, FP16)",
embedding_qwen,q01,text,Who is eligible for Aurora?,Second-year engineering students.,"Eligible participants for the Aurora internship are second‑year engineering students. The program requires applicants to submit a short project proposal and an academic transcript; prior industry employment is not required. The internship is supervised, lasts eight weeks with ten hours of supervised work each week, and the program office handles placements, so students do not need to find their own host organization. The coordinator is Maya Haddad. [Source 1]",True,True,True,True,True,,,0.10089070000049105,4.845185499999957,,0.06471650000003137,True,True,6,"NVIDIA GeForce RTX 4060 Laptop GPU (CUDA, FP16)",
embedding_qwen,q02,text,How long does the Aurora internship last?,Eight weeks.,The Aurora internship lasts **eight weeks**. [Source 1],True,True,True,True,True,,,0.07592229999954725,10.061578899999972,,0.06471650000003137,True,True,6,"NVIDIA GeForce RTX 4060 Laptop GPU (CUDA, FP16)",
embedding_qwen,q03,text,How many supervised hours are required each week?,Ten hours.,The Aurora internship requires **ten supervised hours each week**[Source 1].,True,True,True,False,True,,,0.05722109999987879,8.80645800000002,,0.06471650000003137,True,True,6,"NVIDIA GeForce RTX 4060 Laptop GPU (CUDA, FP16)",
embedding_qwen,q04,text,Who coordinates Aurora?,Maya Haddad.,The Aurora internship is coordinated by **Maya Haddad**[Source 1].,True,True,True,True,True,,,0.054140900000675174,9.979796599999986,,0.06471650000003137,True,True,6,"NVIDIA GeForce RTX 4060 Laptop GPU (CUDA, FP16)",
embedding_qwen,q05,text,When does the 2026 internship begin?,6 July 2026.,The 2026 internship begins on **6 July 2026**[Source 1].,True,True,True,True,True,,,0.05464460000075633,8.826351400000021,,0.06471650000003137,True,True,6,"NVIDIA GeForce RTX 4060 Laptop GPU (CUDA, FP16)",
embedding_qwen,q06,text,When do applications close?,15 June 2026.,Applications close on **15 June 2026**[Source 4].,True,True,False,True,True,,,0.054794200000287674,10.007492700000057,,0.06471650000003137,True,True,6,"NVIDIA GeForce RTX 4060 Laptop GPU (CUDA, FP16)",
embedding_qwen,q07,text,What is the internship capacity?,60 interns.,The Aurora internship program has a capacity for **60 interns**[Source 2].,True,True,False,True,True,,,0.06152639999982057,6.8167561000000205,,0.06471650000003137,True,True,6,"NVIDIA GeForce RTX 4060 Laptop GPU (CUDA, FP16)",
embedding_qwen,q08,text,How many supervisor meetings must a student attend?,Seven of eight meetings.,"A student must attend **seven of the eight weekly supervisor meetings** to satisfy the attendance requirement for the internship. This is stated in the program description: “Successful completion requires a final demonstration, a written technical report, and attendance at seven of the eight weekly supervisor meetings”【Source 2 | sample_report.pdf | p. 1】.",True,True,False,True,False,,,0.05364819999977044,9.833559499999978,,0.06471650000003137,True,True,6,"NVIDIA GeForce RTX 4060 Laptop GPU (CUDA, FP16)",
embedding_qwen,q09,table,How many applicants were there in 2024?,100 applicants.,The report lists 100 applicants for the 2024 cohort[Source 1].,True,True,True,True,True,,,0.06667860000015935,9.812287200000014,,0.06471650000003137,True,True,6,"NVIDIA GeForce RTX 4060 Laptop GPU (CUDA, FP16)",
embedding_qwen,q10,table,How many interns completed Aurora in 2025?,54 interns.,The 2025 cohort had **54 interns who completed the Aurora internship**【4】.,True,True,False,True,False,,,0.04990520000046672,6.913922699999944,,0.06471650000003137,True,True,6,"NVIDIA GeForce RTX 4060 Laptop GPU (CUDA, FP16)",
embedding_qwen,q11,table,How many support desk visits occurred in March 2025?,144 visits.,The support desk recorded **144 visits in March 2025**[Source 1].,True,True,True,True,True,,,0.04763910000019678,8.85917280000001,,0.06471650000003137,True,True,6,"NVIDIA GeForce RTX 4060 Laptop GPU (CUDA, FP16)",
embedding_qwen,q12,table,"Which month had the most support desk visits, and how many?","December, 252 visits.","The month with the highest number of support‑desk visits was **December**, with **252 visits**[Source 2].",True,True,False,True,True,,,0.044807700000092154,12.499743399999943,,0.06471650000003137,True,True,6,"NVIDIA GeForce RTX 4060 Laptop GPU (CUDA, FP16)",
embedding_bge_m3,q19,text,Why might the participant survey suffer from bias?,Voluntary participation and nonresponse may make respondents unrepresentative.,"The participant survey may suffer from bias because it was voluntary and only 48 of the 60 enrolled interns responded. Those who chose to respond could differ systematically from those who did not, potentially leading to non‑response bias. For example, interns who had more positive or more negative experiences might have been more motivated to complete the survey, while those with neutral or mixed feelings might have opted out. This selective participation means the survey results describe only the respondents and may not accurately reflect the views of the entire cohort. [Source 1]",True,True,True,True,True,,,0.13650289999986853,1.2541407999999592,,0.3669264000000112,True,True,6,"NVIDIA GeForce RTX 4060 Laptop GPU (CUDA, FP16)",
embedding_qwen,q13,calculation,"What was the total enrollment across the 2023, 2024, and 2025 cohorts?",150 students (40 + 50 + 60).,,True,True,True,,,,,0.05910959999982879,,,,,,,,"Groq could not complete the request: Error code: 429 - {'error': {'message': 'Rate limit reached for model `openai/gpt-oss-20b` in organization `org_01m3408najes6vdv0bbccda9ph` service tier `on_demand` on tokens per day (TPD): Limit 200000, Used 199560, Requested 1335. Please try again in 6m26.64s. Need more tokens? Upgrade to Dev Tier today at https://console.groq.com/settings/billing', 'type': 'tokens', 'code': 'rate_limit_exceeded'}}"
embedding_qwen,q14,calculation,How many more applicants were there in 2025 than in 2023?,40 more applicants (120 - 80).,,True,True,True,,,,,0.07104710000021441,,,,,,,,"Groq could not complete the request: Error code: 429 - {'error': {'message': 'Rate limit reached for model `openai/gpt-oss-20b` in organization `org_01m3408najes6vdv0bbccda9ph` service tier `on_demand` on tokens per day (TPD): Limit 200000, Used 199559, Requested 1160. Please try again in 5m10.608s. Need more tokens? Upgrade to Dev Tier today at https://console.groq.com/settings/billing', 'type': 'tokens', 'code': 'rate_limit_exceeded'}}"
embedding_qwen,q15,calculation,What was the percentage increase in enrollment from 2023 to 2025?,50 percent ((60 - 40) / 40 * 100).,,True,True,True,,,,,0.06238920000032522,,,,,,,,"Groq could not complete the request: Error code: 429 - {'error': {'message': 'Rate limit reached for model `openai/gpt-oss-20b` in organization `org_01m3408najes6vdv0bbccda9ph` service tier `on_demand` on tokens per day (TPD): Limit 200000, Used 199559, Requested 1330. Please try again in 6m24.048s. Need more tokens? Upgrade to Dev Tier today at https://console.groq.com/settings/billing', 'type': 'tokens', 'code': 'rate_limit_exceeded'}}"
embedding_qwen,q16,calculation,What was the total number of support desk visits in 2025?,"2232 visits, summing all twelve months.",,True,True,True,,,,,0.05825159999949392,,,,,,,,"Groq could not complete the request: Error code: 429 - {'error': {'message': 'Rate limit reached for model `openai/gpt-oss-20b` in organization `org_01m3408najes6vdv0bbccda9ph` service tier `on_demand` on tokens per day (TPD): Limit 200000, Used 199558, Requested 1158. Please try again in 5m9.312s. Need more tokens? Upgrade to Dev Tier today at https://console.groq.com/settings/billing', 'type': 'tokens', 'code': 'rate_limit_exceeded'}}"
embedding_qwen,q17,calculation,What was the average monthly number of support desk visits in 2025?,186 visits (2232 / 12).,,True,True,True,,,,,0.06198210000002291,,,,,,,,"Groq could not complete the request: Error code: 429 - {'error': {'message': 'Rate limit reached for model `openai/gpt-oss-20b` in organization `org_01m3408najes6vdv0bbccda9ph` service tier `on_demand` on tokens per day (TPD): Limit 200000, Used 199558, Requested 1329. Please try again in 6m23.183999999s. Need more tokens? Upgrade to Dev Tier today at https://console.groq.com/settings/billing', 'type': 'tokens', 'code': 'rate_limit_exceeded'}}"
embedding_qwen,q18,calculation,What percentage of enrolled interns responded to the 2025 survey?,80 percent (48 / 60 * 100).,,True,True,True,,,,,0.1983728000004703,,,,,,,,"Groq could not complete the request: Error code: 429 - {'error': {'message': 'Rate limit reached for model `openai/gpt-oss-20b` in organization `org_01m3408najes6vdv0bbccda9ph` service tier `on_demand` on tokens per day (TPD): Limit 200000, Used 199557, Requested 1285. Please try again in 6m3.744s. Need more tokens? Upgrade to Dev Tier today at https://console.groq.com/settings/billing', 'type': 'tokens', 'code': 'rate_limit_exceeded'}}"
embedding_qwen,q19,text,Why might the participant survey suffer from bias?,Voluntary participation and nonresponse may make respondents unrepresentative.,,True,True,True,,,,,0.1683936999997968,,,,,,,,"Groq could not complete the request: Error code: 429 - {'error': {'message': 'Rate limit reached for model `openai/gpt-oss-20b` in organization `org_01m3408najes6vdv0bbccda9ph` service tier `on_demand` on tokens per day (TPD): Limit 200000, Used 199557, Requested 1315. Please try again in 6m16.704s. Need more tokens? Upgrade to Dev Tier today at https://console.groq.com/settings/billing', 'type': 'tokens', 'code': 'rate_limit_exceeded'}}"
embedding_qwen,q20,text,Do support desk visit counts represent unique students?,No. Repeat visits count separately and non-Aurora students can use the desk.,,True,True,False,,,,,0.2167260999995051,,,,,,,,"Groq could not complete the request: Error code: 429 - {'error': {'message': 'Rate limit reached for model `openai/gpt-oss-20b` in organization `org_01m3408najes6vdv0bbccda9ph` service tier `on_demand` on tokens per day (TPD): Limit 200000, Used 199556, Requested 1017. Please try again in 4m7.536s. Need more tokens? Upgrade to Dev Tier today at https://console.groq.com/settings/billing', 'type': 'tokens', 'code': 'rate_limit_exceeded'}}"
embedding_qwen,q21,follow_up,How long is it?,The Aurora internship lasts eight weeks.,,True,True,True,,,,,0.1755075000000943,,,,,,,,"Groq could not complete the request: Error code: 429 - {'error': {'message': 'Rate limit reached for model `openai/gpt-oss-20b` in organization `org_01m3408najes6vdv0bbccda9ph` service tier `on_demand` on tokens per day (TPD): Limit 200000, Used 199556, Requested 1143. Please try again in 5m1.967999999s. Need more tokens? Upgrade to Dev Tier today at https://console.groq.com/settings/billing', 'type': 'tokens', 'code': 'rate_limit_exceeded'}}"
embedding_qwen,q22,unanswerable,What is the average salary of Aurora graduates?,The report does not provide this information.,,,,,,,,,0.28349750000052154,,,,,,,,"Groq could not complete the request: Error code: 429 - {'error': {'message': 'Rate limit reached for model `openai/gpt-oss-20b` in organization `org_01m3408najes6vdv0bbccda9ph` service tier `on_demand` on tokens per day (TPD): Limit 200000, Used 199555, Requested 1281. Please try again in 6m1.152s. Need more tokens? Upgrade to Dev Tier today at https://console.groq.com/settings/billing', 'type': 'tokens', 'code': 'rate_limit_exceeded'}}"
